srs_id,feature_author,requirement,schema_tables,coverage_boundary
SRS-100.1,LN,Full name registration. The system shall require a student to enter a full name when creating a SocialU account.,students; university; university_domains,Direct storage or integrity rule
SRS-100.2,LN,Username registration. The system shall require a student to create a username when registering a SocialU account.,students; university; university_domains,Direct storage or integrity rule
SRS-100.3,LN,Unique username. The system shall reject a registration request when the submitted username is already associated with another SocialU account.,students; university; university_domains,Direct storage or integrity rule
SRS-100.4,LN,University email registration. The system shall require a student to enter a university email address when creating a SocialU account.,students; university; university_domains,Direct storage or integrity rule
SRS-100.5,LN,School-specific email validation. The system shall accept a registration email only when its domain matches an approved university email domain supported by SocialU.,students; university; university_domains,Direct storage or integrity rule
SRS-100.6,LN,Password creation. The system shall require a student to create a password when registering a SocialU account.,students; university; university_domains,Direct storage or integrity rule
SRS-100.7,LN,Password confirmation. The system shall require a student to re-enter the password during registration.,,"UI, transient state, or service-only; no new storage"
SRS-100.8,LN,Matching registration passwords. The system shall reject a registration request when the password and confirmation password do not match.,,"UI, transient state, or service-only; no new storage"
SRS-100.9,LN,Unique university email. The system shall reject a registration request when the submitted university email is already associated with another SocialU account.,students; university; university_domains,Direct storage or integrity rule
SRS-100.10,LN,Verification before authenticated access. The system shall prevent a newly registered student from accessing authenticated SocialU features until the submitted university email has been verified.,students; university; university_domains,Direct storage or integrity rule
SRS-101.1,LN,Six-digit verification code. The system shall generate a six-digit verification code after a valid account registration request is submitted.,authentication_challenges; students; university,Direct storage or integrity rule
SRS-101.2,LN,Send verification code. The system shall send the six-digit verification code to the university email submitted during registration.,authentication_challenges; students; university,Uses shared stored data; UI/service behavior remains
SRS-101.3,LN,University identification. The system shall identify the student's associated university in the verification email.,authentication_challenges; students; university,Direct storage or integrity rule
SRS-101.4,LN,Verification-code validity. The system shall keep an issued verification code valid for 15 minutes from the time the code is generated.,authentication_challenges; students; university,Direct storage or integrity rule
SRS-101.5,LN,Verification-code entry. The system shall allow the student to submit the six-digit verification code received at the registered university email.,authentication_challenges; students; university,Uses shared stored data; UI/service behavior remains
SRS-101.6,LN,Successful email verification. The system shall mark the university email as verified when the student submits the correct active verification code within its 15-minute validity period.,authentication_challenges; students; university,Direct storage or integrity rule
SRS-101.7,LN,Incorrect verification code. The system shall reject a submitted verification code when it does not match the active verification code associated with the registration.,authentication_challenges; students; university,Uses shared stored data; UI/service behavior remains
SRS-101.8,LN,Verification retry. The system shall allow another verification-code attempt after an incorrect verification code is rejected.,authentication_challenges; students; university,Uses shared stored data; UI/service behavior remains
SRS-101.9,LN,Verification-attempt limit. The system shall not impose a fixed maximum number of verification-code entry attempts while an active verification code remains valid.,authentication_challenges; students; university,Uses shared stored data; UI/service behavior remains
SRS-101.10,LN,Expired verification code. The system shall reject a verification code after 15 minutes have elapsed since the code was generated.,authentication_challenges; students; university,Uses shared stored data; UI/service behavior remains
SRS-101.11,LN,Expiration message. The system shall inform the student that the verification code has expired when an expired code is submitted.,authentication_challenges; students; university,Uses shared stored data; UI/service behavior remains
SRS-101.12,LN,Access after verification. The system shall direct the student to the authenticated Home/Campus area after university-email verification is completed successfully.,authentication_challenges; students; university,Uses shared stored data; UI/service behavior remains
SRS-102.1,LN,Resend waiting period. The system shall allow another verification-code request 30 seconds after the previous verification code was sent.,authentication_challenges,Direct storage or integrity rule
SRS-102.2,LN,Send replacement code. The system shall send a new six-digit verification code to the university email associated with the pending registration after an eligible resend request.,authentication_challenges,Uses shared stored data; UI/service behavior remains
SRS-102.3,LN,Replacement-code validity. The system shall keep a replacement verification code valid for 15 minutes from the time it is generated.,authentication_challenges,Uses shared stored data; UI/service behavior remains
SRS-102.4,LN,Previous-code grace period. The system shall keep the previous verification code valid for 10 seconds after a replacement verification code is issued.,authentication_challenges,Direct storage or integrity rule
SRS-102.5,LN,Previous-code invalidation. The system shall invalidate the previous verification code 10 seconds after the replacement verification code is issued.,authentication_challenges,Direct storage or integrity rule
SRS-102.6,LN,"Resend-request limit. The system shall allow additional verification-code resend requests without a fixed total-request limit, subject to the 30-second waiting period between requests.",authentication_challenges,Uses shared stored data; UI/service behavior remains
SRS-102.7,LN,Resend confirmation. The system shall display a confirmation after a replacement verification code is sent successfully.,authentication_challenges,Uses shared stored data; UI/service behavior remains
SRS-103.1,LN,Login identifier. The system shall allow a registered student to enter either the university email or username associated with the student's account when logging in.,authentication_challenges; login_sessions; students,Uses shared stored data; UI/service behavior remains
SRS-103.2,LN,Login password. The system shall require the student to enter the account password when submitting a login request.,authentication_challenges; login_sessions; students,Uses shared stored data; UI/service behavior remains
SRS-103.3,LN,Successful login. The system shall authenticate the student when the submitted identifier and password match an active SocialU account that is eligible for access.,authentication_challenges; login_sessions; students,Uses shared stored data; UI/service behavior remains
SRS-103.4,LN,"Invalid-login message. The system shall display ""Incorrect email or password"" when the submitted login credentials cannot be authenticated.",authentication_challenges; login_sessions; students,Uses shared stored data; UI/service behavior remains
SRS-103.5,LN,Failed-login tracking. The system shall count consecutive unsuccessful login attempts associated with the student's account.,authentication_challenges; login_sessions; students,Direct storage or integrity rule
SRS-103.6,LN,Re-verification threshold. The system shall require university-email verification after five consecutive unsuccessful login attempts for the same account.,authentication_challenges; login_sessions; students,Direct storage or integrity rule
SRS-103.7,LN,Re-verification code. The system shall send a six-digit verification code to the university email associated with the account when re-verification is required.,authentication_challenges; login_sessions; students,Uses shared stored data; UI/service behavior remains
SRS-103.8,LN,Login restriction during re-verification. The system shall prevent additional authenticated access until the required email re-verification is completed.,authentication_challenges; login_sessions; students,Uses shared stored data; UI/service behavior remains
SRS-103.9,LN,Password after re-verification. The system shall require the correct account password before authenticating the student after email re-verification.,authentication_challenges; login_sessions; students,Uses shared stored data; UI/service behavior remains
SRS-103.10,LN,Failed-attempt reset. The system shall reset the consecutive failed-login count after a successful login.,authentication_challenges; login_sessions; students,Uses shared stored data; UI/service behavior remains
SRS-103.11,LN,Remember Me option. The system shall provide a Remember Me option when the student submits login credentials.,authentication_challenges; login_sessions; students,Uses shared stored data; UI/service behavior remains
SRS-103.12,LN,"Remembered session. When Remember Me is selected, the system shall retain that sign-in until logout or a session-revoking security action.",authentication_challenges; login_sessions; students,Direct storage or integrity rule
SRS-103.13,LN,Login destination. The system shall direct the student to the Home/Campus area after a successful login.,authentication_challenges; login_sessions; students,Uses shared stored data; UI/service behavior remains
SRS-104.1,LN,Password-reset request. The system shall allow a student to request a password reset by entering the university email associated with the account.,authentication_challenges; login_sessions; students,Uses shared stored data; UI/service behavior remains
SRS-104.2,LN,Password-reset code. The system shall send a six-digit password-reset code to the university email associated with an eligible account.,authentication_challenges; login_sessions; students,Direct storage or integrity rule
SRS-104.3,LN,Reset-code validity. The system shall keep the password-reset code valid for 15 minutes from the time the code is generated.,authentication_challenges; login_sessions; students,Direct storage or integrity rule
SRS-104.4,LN,Reset-code entry. The system shall allow the student to submit the six-digit password-reset code received at the registered university email.,authentication_challenges; login_sessions; students,Uses shared stored data; UI/service behavior remains
SRS-104.5,LN,Invalid reset code. The system shall reject a password-reset code when it does not match the active password-reset code associated with the account.,authentication_challenges; login_sessions; students,Uses shared stored data; UI/service behavior remains
SRS-104.6,LN,Expired reset code. The system shall reject a password-reset code after 15 minutes have elapsed since the code was generated.,authentication_challenges; login_sessions; students,Uses shared stored data; UI/service behavior remains
SRS-104.7,LN,New password. The system shall require the student to enter a new password after successfully verifying the password-reset code.,authentication_challenges; login_sessions; students,Uses shared stored data; UI/service behavior remains
SRS-104.8,LN,Confirm reset password. The system shall require the student to re-enter the new password before completing the password reset.,authentication_challenges; login_sessions; students,Uses shared stored data; UI/service behavior remains
SRS-104.9,LN,Matching reset passwords. The system shall reject the password-reset request when the new password and confirmation password do not match.,authentication_challenges; login_sessions; students,Uses shared stored data; UI/service behavior remains
SRS-104.10,LN,Previous-password restriction. The system shall reject the new password when it is identical to the student's current password.,authentication_challenges; login_sessions; students,Uses shared stored data; UI/service behavior remains
SRS-104.11,LN,Save reset password. The system shall replace the student's current password after the verified password-reset request is completed successfully.,authentication_challenges; login_sessions; students,Uses shared stored data; UI/service behavior remains
SRS-104.12,LN,End existing sessions after reset. The system shall end all existing authenticated sessions associated with the account after the password is reset successfully.,authentication_challenges; login_sessions; students,Direct storage or integrity rule
SRS-104.13,LN,Password-reset destination. The system shall direct the student to the login page after the password reset is completed successfully.,authentication_challenges; login_sessions; students,Uses shared stored data; UI/service behavior remains
SRS-105.1,LN,Password-change access. The system shall provide a signed-in student with a password-change option in Account Settings.,login_sessions; students,Uses shared stored data; UI/service behavior remains
SRS-105.2,LN,Current password entry. The system shall require the student to enter the current account password before submitting a password-change request.,login_sessions; students,Uses shared stored data; UI/service behavior remains
SRS-105.3,LN,Current password verification. The system shall reject the password-change request when the submitted current password does not match the account password.,login_sessions; students,Uses shared stored data; UI/service behavior remains
SRS-105.4,LN,New password entry. The system shall require the student to enter a new password.,login_sessions; students,Uses shared stored data; UI/service behavior remains
SRS-105.5,LN,Confirm new password. The system shall require the student to re-enter the new password before completing the password change.,login_sessions; students,Uses shared stored data; UI/service behavior remains
SRS-105.6,LN,Matching new passwords. The system shall reject the password-change request when the new password and confirmation password do not match.,login_sessions; students,Uses shared stored data; UI/service behavior remains
SRS-105.7,LN,Minimum password length. The system shall require a new password to contain at least eight characters.,,"UI, transient state, or service-only; no new storage"
SRS-105.8,LN,Uppercase requirement. The system shall require a new password to contain at least one uppercase letter.,,"UI, transient state, or service-only; no new storage"
SRS-105.9,LN,Lowercase requirement. The system shall require a new password to contain at least one lowercase letter.,,"UI, transient state, or service-only; no new storage"
SRS-105.10,LN,Number requirement. The system shall require a new password to contain at least one number.,,"UI, transient state, or service-only; no new storage"
SRS-105.11,LN,Special-character requirement. The system shall require a new password to contain at least one special character.,,"UI, transient state, or service-only; no new storage"
SRS-105.12,LN,Current-password restriction. The system shall reject a new password that is identical to the student's current password.,login_sessions; students,Uses shared stored data; UI/service behavior remains
SRS-105.13,LN,Save changed password. The system shall replace the current password after all password-change requirements are satisfied.,login_sessions; students,Uses shared stored data; UI/service behavior remains
SRS-105.14,LN,End other sessions. The system shall end all other authenticated sessions associated with the account after a successful password change.,login_sessions; students,Direct storage or integrity rule
SRS-105.15,LN,Preserve current session. The system shall keep the session used to complete the successful password change authenticated.,login_sessions; students,Direct storage or integrity rule
SRS-105.16,LN,Password-change notification. The system shall send a password-change confirmation to the student's registered university email after the password is changed successfully.,login_sessions; students,Uses shared stored data; UI/service behavior remains
SRS-106.1,LN,University-email update access. The system shall provide a signed-in student with an option to change the university email associated with the account.,authentication_challenges; students; university_domains,Uses shared stored data; UI/service behavior remains
SRS-106.2,LN,Current-password confirmation. The system shall require the student to enter the current account password before submitting a university-email change request.,authentication_challenges; students; university_domains,Uses shared stored data; UI/service behavior remains
SRS-106.3,LN,Email-change password verification. The system shall reject the university-email change request when the submitted current password does not match the account password.,authentication_challenges; students; university_domains,Uses shared stored data; UI/service behavior remains
SRS-106.4,LN,"Supported replacement email. When an account holder requests an email change, the system shall accept the replacement email only if its domain belongs to the launch university.",authentication_challenges; students; university; university_domains,Direct storage or integrity rule
SRS-106.5,LN,Unique replacement email. The system shall reject a replacement university email that is already associated with another SocialU account.,authentication_challenges; students; university_domains,Uses shared stored data; UI/service behavior remains
SRS-106.6,LN,Replacement-email verification code. The system shall send a six-digit verification code to the replacement university email after an eligible email-change request.,authentication_challenges; students; university_domains,Direct storage or integrity rule
SRS-106.7,LN,Replacement-code validity. The system shall keep the replacement-email verification code valid for 15 minutes from the time it is generated.,authentication_challenges; students; university_domains,Direct storage or integrity rule
SRS-106.8,LN,Preserve current email during verification. The system shall keep the currently verified university email associated with the account until the replacement email is successfully verified.,authentication_challenges; students; university_domains,Direct storage or integrity rule
SRS-106.9,LN,Complete email change. The system shall replace the existing university email with the verified replacement university email after successful verification.,authentication_challenges; students; university_domains,Direct storage or integrity rule
SRS-106.10,LN,Deferred - university transfers. Transfers between universities are outside the semester release. This identifier is retained for a future scope decision and is not an active semester requirement. Original parent: UR-106.,,Retired/deferred; no new schema object
SRS-106.11,LN,Deferred - university transfers. Transfers between universities are outside the semester release. This identifier is retained for a future scope decision and is not an active semester requirement. Original parent: UR-106.,,Retired/deferred; no new schema object
SRS-106.12,LN,Deferred - university transfers. Transfers between universities are outside the semester release. This identifier is retained for a future scope decision and is not an active semester requirement. Original parent: UR-106.,,Retired/deferred; no new schema object
SRS-106.13,LN,Deferred - university transfers. Transfers between universities are outside the semester release. This identifier is retained for a future scope decision and is not an active semester requirement. Original parent: UR-106.,,Retired/deferred; no new schema object
SRS-107.1,LN,Login-history access. The system shall allow a signed-in student to view the login history associated with the student's account.,login_sessions,Uses shared stored data; UI/service behavior remains
SRS-107.2,LN,Complete login history. The system shall make all recorded login-history entries associated with the student's account available in the login-activity section.,login_sessions,Direct storage or integrity rule
SRS-107.3,LN,Login date. The system shall display the recorded date for each login-history entry.,login_sessions,Direct storage or integrity rule
SRS-107.4,LN,Login time. The system shall display the recorded time for each login-history entry.,login_sessions,Direct storage or integrity rule
SRS-107.5,LN,Login location. The system shall display the recorded location associated with each login-history entry when location information is available.,login_sessions,Direct storage or integrity rule
SRS-107.6,LN,Active-session status. The system shall identify which recorded sessions are currently active.,login_sessions,Direct storage or integrity rule
SRS-107.7,LN,Remote logout option. The system shall provide the signed-in student with a logout action for another currently active session associated with the account.,login_sessions,Uses shared stored data; UI/service behavior remains
SRS-107.8,LN,End selected remote session. The system shall terminate the selected active session after the student completes the remote logout action.,login_sessions,Direct storage or integrity rule
SRS-107.9,LN,Preserve current session during remote logout. The system shall keep the session being used to perform the remote logout active when another session is terminated.,login_sessions,Uses shared stored data; UI/service behavior remains
SRS-108.1,LN,Logout confirmation. The system shall display a logout confirmation when a signed-in student selects Log Out.,login_sessions,Uses shared stored data; UI/service behavior remains
SRS-108.2,LN,Logout confirmation choices. The system shall provide both Cancel and Log Out options in the logout confirmation.,login_sessions,Uses shared stored data; UI/service behavior remains
SRS-108.3,LN,Cancel logout. The system shall keep the student's authenticated session active when the student selects Cancel.,login_sessions,Uses shared stored data; UI/service behavior remains
SRS-108.4,LN,Preserve page after canceled logout. The system shall keep the student on the current page when the logout request is canceled.,login_sessions,Uses shared stored data; UI/service behavior remains
SRS-108.5,LN,Confirmed logout. The system shall end the student's current authenticated session when the student confirms logout.,login_sessions,Direct storage or integrity rule
SRS-108.6,LN,End remembered session. The system shall end the student's remembered authenticated session when the student manually confirms logout.,login_sessions,Uses shared stored data; UI/service behavior remains
SRS-108.7,LN,Logout destination. The system shall direct the student to the login page after logout is completed successfully.,login_sessions,Uses shared stored data; UI/service behavior remains
SRS-109.1,LN,Default profile avatar. The system shall display a default avatar while a student has not yet uploaded a profile photo.,media_assets; student_profiles; upload_policies,Uses shared stored data; UI/service behavior remains
SRS-109.2,LN,Required profile photo. The system shall require a student to upload a profile photo before completing required profile setup.,media_assets; student_profiles; upload_policies,Direct storage or integrity rule
SRS-109.3,LN,"Accepted photo formats. The system shall accept JPG, JPEG, PNG, and HEIC files for profile-photo uploads.",media_assets; student_profiles; upload_policies,Direct storage or integrity rule
SRS-109.4,LN,Profile-photo size limit. The system shall reject a profile-photo file that exceeds 10 MB.,media_assets; student_profiles; upload_policies,Direct storage or integrity rule
SRS-109.5,LN,Major entry. The system shall require the student to enter a major as free-form text during required profile setup.,media_assets; student_profiles; upload_policies,Direct storage or integrity rule
SRS-109.6,LN,"Class-year selection. The system shall require the student to select Freshman, Sophomore, Junior, Senior, or Graduate as the class-year category.",media_assets; student_profiles; upload_policies,Direct storage or integrity rule
SRS-109.7,LN,Bio entry. The system shall require the student to enter a bio during required profile setup.,media_assets; student_profiles; upload_policies,Direct storage or integrity rule
SRS-109.8,LN,Bio character limit. The system shall limit the profile bio to a maximum of 250 characters.,media_assets; student_profiles; upload_policies,Direct storage or integrity rule
SRS-109.9,LN,"Required profile completion. The system shall prevent required profile setup from being completed while the profile photo, major, class year, or bio is missing.",media_assets; student_profiles; upload_policies,Direct storage or integrity rule
SRS-110.1,LN,Edit profile photo. The system shall allow a signed-in student to replace the profile photo associated with the student's account.,media_assets; student_profiles,Uses shared stored data; UI/service behavior remains
SRS-110.2,LN,Edit major. The system shall allow a signed-in student to modify the major shown on the student's profile.,media_assets; student_profiles,Uses shared stored data; UI/service behavior remains
SRS-110.3,LN,Edit class year. The system shall allow a signed-in student to modify the class-year category shown on the student's profile.,media_assets; student_profiles,Uses shared stored data; UI/service behavior remains
SRS-110.4,LN,Edit bio. The system shall allow a signed-in student to modify the profile bio.,media_assets; student_profiles,Uses shared stored data; UI/service behavior remains
SRS-110.5,LN,Display-name editing. The system shall allow a signed-in student to set or change a display name.,media_assets; student_profiles,Direct storage or integrity rule
SRS-110.6,LN,Display-name change interval. The system shall prevent another display-name change until seven days have elapsed since the previous display-name change.,media_assets; student_profiles,Direct storage or integrity rule
SRS-110.7,LN,Save Changes action. The system shall apply edited profile information after the student selects Save Changes.,media_assets; student_profiles,Uses shared stored data; UI/service behavior remains
SRS-110.8,LN,Unsaved-changes warning. The system shall display a warning when the student attempts to leave profile editing while unsaved changes are present.,media_assets; student_profiles,Uses shared stored data; UI/service behavior remains
SRS-110.9,LN,Leave with unsaved changes. The system shall discard unsaved profile changes when the student confirms leaving the editing page.,media_assets; student_profiles,Uses shared stored data; UI/service behavior remains
SRS-110.10,LN,Continue profile editing. The system shall keep the student on the profile-editing page when the student cancels the unsaved-changes warning.,media_assets; student_profiles,Uses shared stored data; UI/service behavior remains
SRS-111.1,LN,Post-count display. The system shall display the student's current post count on the student's profile.,friend_requests; posts; students,Uses shared stored data; UI/service behavior remains
SRS-111.2,LN,"Post-count contents. The system shall count the student's existing published feed posts, excluding Snipes, in the profile post count.",friend_requests; posts; students,Uses shared stored data; UI/service behavior remains
SRS-111.3,LN,Deleted-post exclusion. The system shall exclude deleted posts from the displayed post count.,friend_requests; posts; students,Uses shared stored data; UI/service behavior remains
SRS-111.4,LN,Friend-count display. The system shall display the total number of the student's current accepted friends.,friend_requests; posts; students,Uses shared stored data; UI/service behavior remains
SRS-111.5,LN,Pending-request exclusion. The system shall exclude pending friend requests from the displayed friend count.,friend_requests; posts; students,Uses shared stored data; UI/service behavior remains
SRS-111.6,LN,Friend-count update after removal. The system shall update the displayed friend count after an existing friendship is removed.,friend_requests; posts; students,Uses shared stored data; UI/service behavior remains
SRS-111.7,LN,Friend-count update after blocking. The system shall update the displayed friend count when blocking another student ends an existing friendship.,friend_requests; posts; students,Uses shared stored data; UI/service behavior remains
SRS-111.8,LN,Activity-summary visibility. The system shall allow an authorized profile viewer to see the profile owner's post count and friend count.,friend_requests; posts; students,Uses shared stored data; UI/service behavior remains
SRS-112.1,LN,Profile-content categories. The system shall provide Posts and Tagged categories on a student's profile.,post_photos; post_tags; posts,Uses shared stored data; UI/service behavior remains
SRS-112.2,LN,Default profile category. The system shall display the Posts category by default when a student profile is opened.,post_photos; post_tags; posts,Uses shared stored data; UI/service behavior remains
SRS-112.3,LN,Posts-category content. The system shall display the student's text posts and photo posts when the Posts category is selected.,post_photos; post_tags; posts,Uses shared stored data; UI/service behavior remains
SRS-112.4,LN,Tagged-category content. The system shall display accessible content in which the student has been tagged when the Tagged category is selected.,post_photos; post_tags; posts,Direct storage or integrity rule
SRS-112.5,LN,"Exclude Snipes from my profile. When a student opens their own profile, the system shall exclude Snipes from all profile content categories.",post_photos; post_tags; posts,Uses shared stored data; UI/service behavior remains
SRS-112.6,LN,Selected-category filtering. The system shall display only content belonging to the currently selected profile category.,post_photos; post_tags; posts,Uses shared stored data; UI/service behavior remains
SRS-112.7,LN,Empty-category message. The system shall display an empty-content message when the selected profile category contains no content.,post_photos; post_tags; posts,Uses shared stored data; UI/service behavior remains
SRS-113.1,LN,View another student's profile. The system shall allow a signed-in student to view another active student's profile when neither student has blocked the other.,friend_requests; post_tags; posts; student_blocks; student_profiles; students,Uses shared stored data; UI/service behavior remains
SRS-113.2,LN,Profile-photo display. The system shall display the profile owner's profile photo.,friend_requests; post_tags; posts; student_blocks; student_profiles; students,Direct storage or integrity rule
SRS-113.3,LN,Display-name display. The system shall display the profile owner's display name.,friend_requests; post_tags; posts; student_blocks; student_profiles; students,Direct storage or integrity rule
SRS-113.4,LN,School display. The system shall display the profile owner's current university.,friend_requests; post_tags; posts; student_blocks; student_profiles; students; university,Direct storage or integrity rule
SRS-113.5,LN,Major display. The system shall display the profile owner's major.,friend_requests; post_tags; posts; student_blocks; student_profiles; students,Direct storage or integrity rule
SRS-113.6,LN,Class-year display. The system shall display the profile owner's class year.,friend_requests; post_tags; posts; student_blocks; student_profiles; students,Direct storage or integrity rule
SRS-113.7,LN,Bio display. The system shall display the profile owner's bio.,friend_requests; post_tags; posts; student_blocks; student_profiles; students,Direct storage or integrity rule
SRS-113.8,LN,Post-count display. The system shall display the profile owner's post count.,friend_requests; post_tags; posts; student_blocks; student_profiles; students,Uses shared stored data; UI/service behavior remains
SRS-113.9,LN,Friend-count display. The system shall display the profile owner's current accepted-friend count.,friend_requests; post_tags; posts; student_blocks; student_profiles; students,Uses shared stored data; UI/service behavior remains
SRS-113.10,LN,Profile access before friendship. The system shall allow a student to view another student's profile without requiring an accepted friendship.,friend_requests; post_tags; posts; student_blocks; student_profiles; students,Uses shared stored data; UI/service behavior remains
SRS-113.11,LN,Public posts before friendship. The system shall display only Public posts to a profile viewer who is not an accepted friend of the profile owner.,friend_requests; post_tags; posts; student_blocks; student_profiles; students,Uses shared stored data; UI/service behavior remains
SRS-113.12,LN,Friends Only posts. The system shall display Friends Only posts to a current accepted friend when that friend views the profile owner's Posts category.,friend_requests; post_tags; posts; student_blocks; student_profiles; students,Uses shared stored data; UI/service behavior remains
SRS-113.13,LN,Tagged-content access. The system shall display tagged content that the viewing student is authorized to access.,friend_requests; post_tags; posts; student_blocks; student_profiles; students,Direct storage or integrity rule
SRS-113.14,LN,"Exclude Snipes from another student's profile. When a student views another student's profile, the system shall exclude all Snipe content from that profile.",friend_requests; post_tags; posts; student_blocks; student_profiles; students,Uses shared stored data; UI/service behavior remains
SRS-113.15,LN,Blocked-profile restriction. The system shall prevent two students from viewing each other's profiles while a block between them is active.,friend_requests; post_tags; posts; student_blocks; student_profiles; students,Uses shared stored data; UI/service behavior remains
SRS-113.16,LN,Add Friend action. The system shall provide an Add Friend action when the profile owner is eligible to receive a friend request from the viewing student.,friend_requests; post_tags; posts; student_blocks; student_profiles; students,Uses shared stored data; UI/service behavior remains
SRS-113.17,LN,Friend messaging action. The system shall allow a current friend to use the Message action from the profile owner's profile.,friend_requests; post_tags; posts; student_blocks; student_profiles; students,Uses shared stored data; UI/service behavior remains
SRS-113.18,LN,Non-friend messaging action. The system shall allow a non-friend to use the Message action from the profile owner's profile when neither student has blocked the other.,friend_requests; post_tags; posts; student_blocks; student_profiles; students,Uses shared stored data; UI/service behavior remains
SRS-114.1,LN,Add Friend action. The system shall provide an Add Friend action on another student's profile when the viewing student is eligible to send a friend request.,friend_requests; notifications; student_blocks,Uses shared stored data; UI/service behavior remains
SRS-114.2,LN,Create pending friend request. The system shall create a pending friend request when an eligible student selects Add Friend.,friend_requests; notifications; student_blocks,Direct storage or integrity rule
SRS-114.3,LN,Duplicate pending-request restriction. The system shall prevent another friend request to the same student while an existing request between the two students remains pending.,friend_requests; notifications; student_blocks,Direct storage or integrity rule
SRS-114.4,LN,Friendship requires acceptance. The system shall not create a friendship until the receiving student accepts the pending friend request.,friend_requests; notifications; student_blocks,Uses shared stored data; UI/service behavior remains
SRS-114.5,LN,New request after decline. The system shall allow a student to send another friend request after a previous request to the same student has been declined.,friend_requests; notifications; student_blocks,Uses shared stored data; UI/service behavior remains
SRS-114.6,LN,No resend waiting period. The system shall allow the new friend request immediately after the previous request has been declined.,friend_requests; notifications; student_blocks,Uses shared stored data; UI/service behavior remains
SRS-114.7,LN,Friend-request notification. The system shall notify the receiving student when a new friend request is submitted successfully.,friend_requests; notifications; student_blocks,Direct storage or integrity rule
SRS-114.8,LN,Blocked-request restriction. The system shall prevent a friend request when either student has blocked the other.,friend_requests; notifications; student_blocks,Uses shared stored data; UI/service behavior remains
SRS-115.1,LN,Received requests. The system shall display friend requests waiting for the signed-in student's response in a Requests Received section.,friend_requests; posts; student_profiles; students,Uses shared stored data; UI/service behavior remains
SRS-115.2,LN,Sent requests. The system shall display unanswered friend requests submitted by the signed-in student in a Requests Sent section.,friend_requests; posts; student_profiles; students,Uses shared stored data; UI/service behavior remains
SRS-115.3,LN,Request profile photo. The system shall display the other student's profile photo with each pending friend request.,friend_requests; posts; student_profiles; students,Uses shared stored data; UI/service behavior remains
SRS-115.4,LN,Request display name. The system shall display the other student's display name with each pending friend request.,friend_requests; posts; student_profiles; students,Uses shared stored data; UI/service behavior remains
SRS-115.5,LN,Request school information. The system shall display the other student's current university with each pending friend request.,friend_requests; posts; student_profiles; students,Uses shared stored data; UI/service behavior remains
SRS-115.6,LN,Request major information. The system shall display the other student's major with each pending friend request.,friend_requests; posts; student_profiles; students,Uses shared stored data; UI/service behavior remains
SRS-115.7,LN,Request post information. The system shall display posts associated with the other student that the signed-in student is authorized to view.,friend_requests; posts; student_profiles; students,Uses shared stored data; UI/service behavior remains
SRS-115.8,LN,Open profile from request. The system shall allow the signed-in student to open the other student's profile from a pending friend request.,friend_requests; posts; student_profiles; students,Uses shared stored data; UI/service behavior remains
SRS-115.9,LN,Cancel sent request. The system shall allow the sender to cancel a friend request while the request remains pending.,friend_requests; posts; student_profiles; students,Direct storage or integrity rule
SRS-115.10,LN,Remove canceled request. The system shall remove a canceled friend request from both students' pending-request lists.,friend_requests; posts; student_profiles; students,Uses shared stored data; UI/service behavior remains
SRS-115.11,LN,"Pending-request duration. The system shall keep an unanswered friend request pending until it is accepted, declined, canceled, or removed because of a block.",friend_requests; posts; student_profiles; students,Uses shared stored data; UI/service behavior remains
SRS-116.1,LN,Accept pending request. The system shall allow the recipient of a pending friend request to accept the request.,friend_requests; notifications,Uses shared stored data; UI/service behavior remains
SRS-116.2,LN,Create mutual friendship. The system shall establish a mutual friendship immediately after the pending friend request is accepted.,friend_requests; notifications,Direct storage or integrity rule
SRS-116.3,LN,Remove accepted request. The system shall remove an accepted request from both students' pending-request lists.,friend_requests; notifications,Uses shared stored data; UI/service behavior remains
SRS-116.4,LN,Requester acceptance notification. The system shall notify the requester after the request is accepted.,friend_requests; notifications,Direct storage or integrity rule
SRS-116.5,LN,Recipient friendship notification. The system shall notify the recipient that the friendship has been established after the request is accepted.,friend_requests; notifications,Direct storage or integrity rule
SRS-116.6,LN,Friends Only access. The system shall allow the new friends to view each other's Friends Only posts after the friendship is established.,friend_requests; notifications,Uses shared stored data; UI/service behavior remains
SRS-116.7,LN,Messaging access. The system shall allow either new friend to start or open a private conversation with the other after the friendship is established.,friend_requests; notifications,Uses shared stored data; UI/service behavior remains
SRS-116.8,LN,Pending request removal after block. The system shall remove a pending friend request when either student blocks the other before acceptance.,friend_requests; notifications,Uses shared stored data; UI/service behavior remains
SRS-117.1,LN,Decline pending request. The system shall allow the recipient of a pending friend request to decline the request.,friend_requests,Direct storage or integrity rule
SRS-117.2,LN,Remove declined request. The system shall remove a declined friend request from both students' pending-request lists immediately after the request is declined.,friend_requests,Uses shared stored data; UI/service behavior remains
SRS-117.3,LN,No friendship after decline. The system shall not create a friendship when a pending friend request is declined.,friend_requests,Uses shared stored data; UI/service behavior remains
SRS-117.4,LN,No decline notification. The system shall not notify the requester that the friend request was declined.,friend_requests,Uses shared stored data; UI/service behavior remains
SRS-117.5,LN,Future request after decline. The system shall allow the requester to send another friend request after the previous request has been declined.,friend_requests,Uses shared stored data; UI/service behavior remains
SRS-117.6,LN,Immediate request after decline. The system shall allow the new friend request without a waiting period after the previous request is declined.,friend_requests,Uses shared stored data; UI/service behavior remains
SRS-117.7,LN,Request from previous recipient. The system shall allow the student who declined a request to send a future friend request to the previous requester.,friend_requests,Uses shared stored data; UI/service behavior remains
SRS-117.8,LN,Decline does not block. The system shall not block a student solely because the student's friend request was declined.,friend_requests,Uses shared stored data; UI/service behavior remains
SRS-118.1,LN,Friends-list search field. The system shall provide a search field while the student is viewing the friends list.,friend_requests; student_profiles; students,Uses shared stored data; UI/service behavior remains
SRS-118.2,LN,Display-name search. The system shall match current friends whose display names contain the entered search text.,friend_requests; student_profiles; students,Uses shared stored data; UI/service behavior remains
SRS-118.3,LN,Verified-name search. The system shall match current friends whose verified real names contain the entered search text.,friend_requests; student_profiles; students,Uses shared stored data; UI/service behavior remains
SRS-118.4,LN,Partial-name search. The system shall return matching friends when the entered search text contains only part of a friend's display name or verified real name.,friend_requests; student_profiles; students,Uses shared stored data; UI/service behavior remains
SRS-118.5,LN,Case-insensitive search. The system shall treat uppercase and lowercase letters as equivalent when matching friends-list search text.,friend_requests; student_profiles; students,Uses shared stored data; UI/service behavior remains
SRS-118.6,LN,Search-as-you-type. The system shall update friends-list search results as the student enters or removes characters in the search field.,friend_requests; student_profiles; students,Uses shared stored data; UI/service behavior remains
SRS-118.7,LN,Search-result profile photo. The system shall display the friend's profile photo for each search result.,friend_requests; student_profiles; students,Uses shared stored data; UI/service behavior remains
SRS-118.8,LN,Search-result display name. The system shall display the friend's display name for each search result.,friend_requests; student_profiles; students,Uses shared stored data; UI/service behavior remains
SRS-118.9,LN,Search-result major. The system shall display the friend's major for each search result.,friend_requests; student_profiles; students,Uses shared stored data; UI/service behavior remains
SRS-118.10,LN,"No-match message. The system shall display ""No friends found"" when no current friend matches the entered search text.",friend_requests; student_profiles; students,Uses shared stored data; UI/service behavior remains
SRS-118.11,LN,Friends-list capacity. The system shall not impose a fixed user-facing maximum on the number of accepted friends a student may have.,friend_requests; student_profiles; students,Uses shared stored data; UI/service behavior remains
SRS-119.1,LN,Profile Message action. The system shall provide a Message action on another student's profile when messaging between the two students is permitted.,conversations; friend_requests; hidden_messages; message_requests; messages; student_blocks,Uses shared stored data; UI/service behavior remains
SRS-119.2,LN,Existing friend conversation. The system shall open the existing private conversation when a student selects Message on the profile of a friend with whom a conversation already exists.,conversations; friend_requests; hidden_messages; message_requests; messages; student_blocks,Uses shared stored data; UI/service behavior remains
SRS-119.3,LN,New friend conversation. The system shall create a private conversation when a student selects Message on a current friend's profile and no private conversation exists between them.,conversations; friend_requests; hidden_messages; message_requests; messages; student_blocks,Uses shared stored data; UI/service behavior remains
SRS-119.4,LN,"Open a non-friend message request. When Message is selected for a non-friend without valid accepted messaging consent, the system shall open the Chat request workflow addressed to that student.",conversations; friend_requests; hidden_messages; message_requests; messages; student_blocks,Uses shared stored data; UI/service behavior remains
SRS-119.5,LN,Retired - request inbox display. The Chat owner specifies incoming request presentation in SRS-200.8. This duplicate identifier is retained as a retirement record and is not reused. Original parent: UR-119.,,Retired/deferred; no new schema object
SRS-119.6,LN,Conversation after friendship removal. The system shall keep an existing private conversation accessible after the friendship between its participants is removed.,conversations; friend_requests; hidden_messages; message_requests; messages; student_blocks,Uses shared stored data; UI/service behavior remains
SRS-119.7,LN,"Renew messaging consent. After friendship removal, the system shall require a new accepted request before sending resumes.",conversations; friend_requests; hidden_messages; message_requests; messages; student_blocks,Direct storage or integrity rule
SRS-119.8,LN,Conversation after blocking. The system shall keep an existing conversation visible after a block between its participants becomes active.,conversations; friend_requests; hidden_messages; message_requests; messages; student_blocks,Uses shared stored data; UI/service behavior remains
SRS-119.9,LN,Messaging while blocked. The system shall prevent new messages from being sent between two students while a block between them is active.,conversations; friend_requests; hidden_messages; message_requests; messages; student_blocks,Uses shared stored data; UI/service behavior remains
SRS-119.10,LN,Delete own sent message. The system shall allow a student to delete an individual message that the student personally sent.,conversations; friend_requests; hidden_messages; message_requests; messages; student_blocks,Direct storage or integrity rule
SRS-119.11,LN,Personal-view message deletion. The system shall remove a deleted sent message only from the deleting student's conversation view.,conversations; friend_requests; hidden_messages; message_requests; messages; student_blocks,Direct storage or integrity rule
SRS-119.12,LN,Preserve message for other participant. The system shall keep the deleted message visible to the other conversation participant.,conversations; friend_requests; hidden_messages; message_requests; messages; student_blocks,Direct storage or integrity rule
SRS-119.13,LN,Received-message deletion restriction. The system shall prevent a student from deleting a message sent by the other conversation participant.,conversations; friend_requests; hidden_messages; message_requests; messages; student_blocks,Direct storage or integrity rule
SRS-120.1,LN,Remove Friend action. The system shall provide a Remove Friend action on the profile of a current friend.,conversations; friend_requests; message_requests,Uses shared stored data; UI/service behavior remains
SRS-120.2,LN,Removal confirmation. The system shall request confirmation when a student selects Remove Friend.,conversations; friend_requests; message_requests,Uses shared stored data; UI/service behavior remains
SRS-120.3,LN,Cancel friend removal. The system shall keep the existing friendship unchanged when the student cancels the removal confirmation.,conversations; friend_requests; message_requests,Uses shared stored data; UI/service behavior remains
SRS-120.4,LN,End friendship. The system shall remove the mutual friendship when the student confirms Remove Friend.,conversations; friend_requests; message_requests,Direct storage or integrity rule
SRS-120.5,LN,No removal notification. The system shall not notify the removed student that the friendship was removed.,conversations; friend_requests; message_requests,Uses shared stored data; UI/service behavior remains
SRS-120.6,LN,Remove Friends Only access. The system shall prevent former friends from viewing each other's Friends Only posts after the friendship is removed.,conversations; friend_requests; message_requests,Uses shared stored data; UI/service behavior remains
SRS-120.7,LN,Preserve previous conversation. The system shall keep an existing private conversation accessible after the friendship is removed.,conversations; friend_requests; message_requests,Uses shared stored data; UI/service behavior remains
SRS-120.8,LN,Retired - duplicate sending restriction. SRS-119.7 and SRS-200.17 through SRS-200.18 govern renewed messaging consent after friendship removal. This identifier is retained and is not reused. Original parent: UR-120.,,Retired/deferred; no new schema object
SRS-120.9,LN,Future friend requests. The system shall allow either former friend to send a new friend request after the friendship is removed when neither student has blocked the other.,conversations; friend_requests; message_requests,Uses shared stored data; UI/service behavior remains
SRS-121.1,LN,Block action. The system shall provide a Block action on another student's profile.,friend_requests; messages; posts; student_blocks,Uses shared stored data; UI/service behavior remains
SRS-121.2,LN,Block confirmation. The system shall request confirmation when a student selects Block.,friend_requests; messages; posts; student_blocks,Uses shared stored data; UI/service behavior remains
SRS-121.3,LN,Cancel block. The system shall leave the relationship between the two students unchanged when the block confirmation is canceled.,friend_requests; messages; posts; student_blocks,Uses shared stored data; UI/service behavior remains
SRS-121.4,LN,Activate block. The system shall activate the block when the student confirms the Block action.,friend_requests; messages; posts; student_blocks,Direct storage or integrity rule
SRS-121.5,LN,No block notification. The system shall not notify the blocked student that the block was activated.,friend_requests; messages; posts; student_blocks,Uses shared stored data; UI/service behavior remains
SRS-121.6,LN,End friendship after block. The system shall remove an existing friendship between the two students when a block is activated.,friend_requests; messages; posts; student_blocks,Direct storage or integrity rule
SRS-121.7,LN,Remove pending request after block. The system shall remove any pending friend request between the two students when a block is activated.,friend_requests; messages; posts; student_blocks,Uses shared stored data; UI/service behavior remains
SRS-121.8,LN,Block profile access. The system shall prevent the two students from viewing each other's profiles while the block is active.,friend_requests; messages; posts; student_blocks,Direct storage or integrity rule
SRS-121.9,LN,Block friend requests. The system shall prevent either student from sending a friend request to the other while the block is active.,friend_requests; messages; posts; student_blocks,Direct storage or integrity rule
SRS-121.10,LN,Block new messages. The system shall prevent either student from sending a new direct message to the other while the block is active.,friend_requests; messages; posts; student_blocks,Direct storage or integrity rule
SRS-121.11,LN,Block post visibility. The system shall prevent the two students from viewing each other's posts while the block is active.,friend_requests; messages; posts; student_blocks,Direct storage or integrity rule
SRS-121.12,LN,Preserve old blocked conversation. The system shall keep an existing private conversation visible after a block is activated.,friend_requests; messages; posts; student_blocks,Uses shared stored data; UI/service behavior remains
SRS-121.13,LN,Disable blocked conversation. The system shall disable new message sending in an existing private conversation while a block between the participants is active.,friend_requests; messages; posts; student_blocks,Uses shared stored data; UI/service behavior remains
SRS-122.1,LN,Blocked Students access. The system shall provide a Blocked Students section within Account Settings.,student_blocks; student_profiles; students,Uses shared stored data; UI/service behavior remains
SRS-122.2,LN,Blocked-student profile photo. The system shall display the blocked student's profile photo for each entry in the Blocked Students list.,student_blocks; student_profiles; students,Uses shared stored data; UI/service behavior remains
SRS-122.3,LN,Blocked-student display name. The system shall display the blocked student's display name for each entry in the Blocked Students list.,student_blocks; student_profiles; students,Uses shared stored data; UI/service behavior remains
SRS-122.4,LN,Blocked-student school. The system shall display the blocked student's current university for each entry in the Blocked Students list.,student_blocks; student_profiles; students,Uses shared stored data; UI/service behavior remains
SRS-122.5,LN,Blocked-student major. The system shall display the blocked student's major for each entry in the Blocked Students list.,student_blocks; student_profiles; students,Uses shared stored data; UI/service behavior remains
SRS-122.6,LN,Unblock action. The system shall provide an Unblock action for each student in the Blocked Students list.,student_blocks; student_profiles; students,Uses shared stored data; UI/service behavior remains
SRS-122.7,LN,Unblock confirmation. The system shall request confirmation when the student selects Unblock.,student_blocks; student_profiles; students,Uses shared stored data; UI/service behavior remains
SRS-122.8,LN,Cancel unblock. The system shall keep the block active when the student cancels the unblock confirmation.,student_blocks; student_profiles; students,Uses shared stored data; UI/service behavior remains
SRS-122.9,LN,Remove block. The system shall remove the active block when the student confirms Unblock.,student_blocks; student_profiles; students,Direct storage or integrity rule
SRS-122.10,LN,No unblock notification. The system shall not notify the unblocked student that the block was removed.,student_blocks; student_profiles; students,Uses shared stored data; UI/service behavior remains
SRS-122.11,LN,No automatic friendship restoration. The system shall not automatically restore a previous friendship when a student is unblocked.,student_blocks; student_profiles; students,Uses shared stored data; UI/service behavior remains
SRS-122.12,LN,Future request after unblock. The system shall allow either student to send a new friend request after the block is removed.,student_blocks; student_profiles; students,Uses shared stored data; UI/service behavior remains
SRS-123.1,LN,Deactivate Account access. The system shall provide a Deactivate Account option within Account Settings.,login_sessions; students,Uses shared stored data; UI/service behavior remains
SRS-123.2,LN,Deactivation confirmation. The system shall request confirmation when the student selects Deactivate Account.,login_sessions; students,Uses shared stored data; UI/service behavior remains
SRS-123.3,LN,Deactivation password entry. The system shall require the student to enter the current account password before completing account deactivation.,login_sessions; students,Uses shared stored data; UI/service behavior remains
SRS-123.4,LN,Deactivation password verification. The system shall reject an account-deactivation request when the submitted password does not match the current account password.,login_sessions; students,Uses shared stored data; UI/service behavior remains
SRS-123.5,LN,Cancel deactivation. The system shall keep the student's account active when the student cancels the deactivation confirmation.,login_sessions; students,Uses shared stored data; UI/service behavior remains
SRS-123.6,LN,Deactivate account. The system shall change the student's account to an inactive state after deactivation is successfully confirmed.,login_sessions; students,Direct storage or integrity rule
SRS-123.7,LN,Hide deactivated profile. The system shall prevent other students from viewing the profile of a deactivated account.,login_sessions; students,Uses shared stored data; UI/service behavior remains
SRS-123.8,LN,Hide deactivated-account posts. The system shall prevent other students from viewing posts created by a student while that student's account is deactivated.,login_sessions; students,Uses shared stored data; UI/service behavior remains
SRS-123.9,LN,Preserve deactivated-account data. The system shall preserve the student's account data while the account is deactivated.,login_sessions; students,Direct storage or integrity rule
SRS-123.10,LN,Preserve friendships during deactivation. The system shall preserve existing friendship connections while the account is deactivated.,login_sessions; students,Uses shared stored data; UI/service behavior remains
SRS-123.11,LN,"Reactivate with valid credentials. When a deactivated account holder submits valid account credentials, the system shall reactivate the account before completing authenticated sign-in.",login_sessions; students,Uses shared stored data; UI/service behavior remains
SRS-123.12,LN,Restore profile after reactivation. The system shall make the student's profile visible again after successful account reactivation.,login_sessions; students,Uses shared stored data; UI/service behavior remains
SRS-123.13,LN,Restore posts after reactivation. The system shall make the student's preserved posts available again after successful account reactivation.,login_sessions; students,Uses shared stored data; UI/service behavior remains
SRS-123.14,LN,Restore friendships after reactivation. The system shall restore access to the student's preserved friendship connections after successful account reactivation.,login_sessions; students,Uses shared stored data; UI/service behavior remains
SRS-200.1,LP,"Start a friend conversation. When a signed-in student selects a current friend to message and neither account has blocked the other, the system shall open their private conversation.",conversations; friend_requests; message_requests; messages; student_blocks,Uses shared stored data; UI/service behavior remains
SRS-200.2,LP,"Require non-friend acceptance. When two students are not current friends and have no currently accepted message request between them, the system shall withhold an active private conversation until the recipient accepts a request.",conversations; friend_requests; message_requests; messages; student_blocks,Uses shared stored data; UI/service behavior remains
SRS-200.3,LP,"Identify the initiating participant. When a private conversation is created, the system shall designate the initiating student as one participant.",conversations; friend_requests; message_requests; messages; student_blocks,Direct storage or integrity rule
SRS-200.4,LP,"Identify the receiving participant. When a private conversation is created, the system shall designate the selected recipient as the other participant.",conversations; friend_requests; message_requests; messages; student_blocks,Direct storage or integrity rule
SRS-200.5,LP,"Limit private conversation membership. For each private conversation, the system shall maintain exactly two participants.",conversations; friend_requests; message_requests; messages; student_blocks,Direct storage or integrity rule
SRS-200.6,LP,"Reuse the existing conversation. When messaging becomes authorized for a pair that already has a private conversation, the system shall open that existing conversation rather than create another.",conversations; friend_requests; message_requests; messages; student_blocks,Direct storage or integrity rule
SRS-200.7,LP,"Submit a message request. When a signed-in student submits a new request containing initial text to a non-friend without current messaging consent and neither account has blocked the other, the system shall record a Pending message request addressed to that recipient.",conversations; friend_requests; message_requests; messages; student_blocks,Direct storage or integrity rule
SRS-200.8,LP,"Show incoming requests. When the recipient opens Message Requests within Messages, the system shall display their pending requests with the sender and initial text.",conversations; friend_requests; message_requests; messages; student_blocks,Direct storage or integrity rule
SRS-200.9,LP,"Accept a request. When the addressed recipient accepts a Pending request and neither account has blocked the other, the system shall mark that request Accepted.",conversations; friend_requests; message_requests; messages; student_blocks,Direct storage or integrity rule
SRS-200.10,LP,"Open after acceptance. When a message request becomes Accepted, the system shall open or reactivate the pair's private conversation with messaging enabled.",conversations; friend_requests; message_requests; messages; student_blocks,Uses shared stored data; UI/service behavior remains
SRS-200.11,LP,"Decline a request. When the addressed recipient declines a Pending request, the system shall mark it Declined without enabling the private conversation.",conversations; friend_requests; message_requests; messages; student_blocks,Direct storage or integrity rule
SRS-200.12,LP,"Prevent duplicate pending requests. When a student submits another request while their request to the same recipient remains Pending, the system shall return the existing pending request rather than create a duplicate.",conversations; friend_requests; message_requests; messages; student_blocks,Direct storage or integrity rule
SRS-200.13,LP,"Restrict request decisions. When anyone other than the addressed recipient attempts to accept or decline a message request, the system shall reject the attempted decision.",conversations; friend_requests; message_requests; messages; student_blocks,Uses shared stored data; UI/service behavior remains
SRS-200.14,LP,"Deliver the accepted introduction once. When a request first becomes Accepted, the system shall add its initial text to the private conversation exactly once.",conversations; friend_requests; message_requests; messages; student_blocks,Direct storage or integrity rule
SRS-200.15,LP,"Keep requests separate from friendships. When a message request is accepted, the system shall leave the pair's friendship status unchanged.",conversations; friend_requests; message_requests; messages; student_blocks,Uses shared stored data; UI/service behavior remains
SRS-200.16,LP,"Check private sending permission. When a student attempts to send text, a photograph, an emoji, or a GIF in a private conversation, the system shall permit sending only if neither account has blocked the other and the pair are current friends or have an accepted request that has not been invalidated by a later friendship removal.",conversations; friend_requests; message_requests; messages; student_blocks,Uses shared stored data; UI/service behavior remains
SRS-200.17,LP,"Invalidate consent on friendship removal. When an existing friendship ends, the system shall invalidate any earlier message-request acceptance for that pair.",conversations; friend_requests; message_requests; messages; student_blocks,Direct storage or integrity rule
SRS-200.18,LP,"Request permission after unfriending. When former friends attempt to resume sending without an accepted request created after their latest friendship removal, the system shall route the sender through a new message request unless their friendship has been re-established.",conversations; friend_requests; message_requests; messages; student_blocks,Direct storage or integrity rule
SRS-200.19,LP,"Reject blocked contact requests. When a block is active between two students, the system shall reject attempts to submit or accept a message request between them.",conversations; friend_requests; message_requests; messages; student_blocks,Uses shared stored data; UI/service behavior remains
SRS-201.1,LP,Send a text message. The system shall allow a conversation participant to send a text message within a conversation.,media_assets; messages; upload_policies,Direct storage or integrity rule
SRS-201.2,LP,"Display a sent text message. After a text message is successfully sent, the system shall display the text message within the conversation.",media_assets; messages; upload_policies,Uses shared stored data; UI/service behavior remains
SRS-201.3,LP,Select a photo for sending. The system shall allow a conversation participant to select a photo file from their device for sending within a conversation.,media_assets; messages; upload_policies,Uses shared stored data; UI/service behavior remains
SRS-201.4,LP,"Restrict supported photo formats. The system shall accept conversation photo uploads only when the selected file uses the PNG, JPEG, or WebP format.",media_assets; messages; upload_policies,Direct storage or integrity rule
SRS-201.5,LP,Enforce the photo size limit. The system shall reject a selected photo file when the file is larger than 15 MB.,media_assets; messages; upload_policies,Direct storage or integrity rule
SRS-201.6,LP,Send a supported photo. The system shall allow a conversation participant to send a selected photo after the file satisfies the supported-format and file-size requirements.,media_assets; messages; upload_policies,Direct storage or integrity rule
SRS-201.7,LP,"Display a sent photo. After a photo is successfully sent, the system shall display the photo within the conversation.",media_assets; messages; upload_policies,Uses shared stored data; UI/service behavior remains
SRS-201.8,LP,Send an emoji. The system shall allow a conversation participant to send an emoji within a conversation.,media_assets; messages; upload_policies,Direct storage or integrity rule
SRS-201.9,LP,"Display a sent emoji. After an emoji is successfully sent, the system shall display the emoji within the conversation.",media_assets; messages; upload_policies,Uses shared stored data; UI/service behavior remains
SRS-201.10,LP,Open the GIF library. The system shall allow a conversation participant to access the available GIF library while preparing a message.,media_assets; messages; upload_policies,Uses shared stored data; UI/service behavior remains
SRS-201.11,LP,Select a GIF from the GIF library. The system shall allow a conversation participant to select a GIF from the available GIF library for sending.,media_assets; messages; upload_policies,Uses shared stored data; UI/service behavior remains
SRS-201.12,LP,Select a GIF file from a device. The system shall allow a conversation participant to select a GIF file from their own device for upload.,media_assets; messages; upload_policies,Uses shared stored data; UI/service behavior remains
SRS-201.13,LP,Enforce the uploaded GIF size limit. The system shall reject a GIF file selected from the student's device when the file is larger than 15 MB.,media_assets; messages; upload_policies,Direct storage or integrity rule
SRS-201.14,LP,Send a GIF. The system shall allow a conversation participant to send a GIF selected from the GIF library or uploaded from the participant's device.,media_assets; messages; upload_policies,Direct storage or integrity rule
SRS-201.15,LP,"Display a sent GIF. After a GIF is successfully sent, the system shall display the GIF within the conversation.",media_assets; messages; upload_policies,Uses shared stored data; UI/service behavior remains
SRS-201.16,LP,"Display failed message status. When a message cannot be successfully sent, the system shall display a failed status for that message to its sender.",media_assets; messages; upload_policies,Uses shared stored data; UI/service behavior remains
SRS-201.17,LP,"Retain failed non-media message content. When a text, emoji, or GIF-library message fails to send, the system shall retain the message content for a retry attempt.",media_assets; messages; upload_policies,Direct storage or integrity rule
SRS-201.18,LP,"Retry a failed non-media message. The system shall allow the sender to retry sending a failed text, emoji, or GIF-library message without recreating the message.",media_assets; messages; upload_policies,Uses shared stored data; UI/service behavior remains
SRS-202.1,LP,Create a group chat. The system shall allow a signed-in student to create a new group chat.,conversations; group_memberships,Direct storage or integrity rule
SRS-202.2,LP,"Create the group before invitations. When a student creates a group chat, the system shall create the group before invitations are sent to prospective members.",conversations; group_memberships,Direct storage or integrity rule
SRS-202.3,LP,"Add the creator as the first member. When a group chat is created, the system shall add the student who created the group as its first member.",conversations; group_memberships,Direct storage or integrity rule
SRS-202.4,LP,Allow creation without additional members. The system shall allow a student to complete group creation before another student accepts an invitation to join the group.,conversations; group_memberships,Uses shared stored data; UI/service behavior remains
SRS-203.1,LP,"Assign initial ownership. When a group chat is created, the system shall assign the student who created the group as the group owner.",conversations; group_memberships,Uses shared stored data; UI/service behavior remains
SRS-203.2,LP,Grant owner management authority. The system shall grant the group owner the group-management permissions assigned to the owner role.,conversations; group_memberships,Uses shared stored data; UI/service behavior remains
SRS-203.3,LP,Maintain a group owner. The system shall maintain an assigned owner for every active group chat.,conversations; group_memberships,Direct storage or integrity rule
SRS-203.4,LP,Maintain one current owner. The system shall maintain exactly one current owner for each active group chat.,conversations; group_memberships,Direct storage or integrity rule
SRS-204.1,LP,Select a member for administrator assignment. The system shall allow the group owner to select a current regular group member for administrator assignment.,group_memberships,Uses shared stored data; UI/service behavior remains
SRS-204.2,LP,"Assign administrator privileges. When the group owner assigns administrator privileges to a selected member, the system shall change that member's group role to administrator.",group_memberships,Direct storage or integrity rule
SRS-204.3,LP,Limit the group to one administrator. The system shall maintain no more than one administrator in addition to the group owner.,group_memberships,Direct storage or integrity rule
SRS-204.4,LP,"Prevent a second administrator assignment. When a group already has an administrator, the system shall prevent the owner from assigning another administrator until the administrator position becomes vacant.",group_memberships,Uses shared stored data; UI/service behavior remains
SRS-204.5,LP,Restrict administrator assignment to the owner. The system shall prevent a student who is not the group owner from assigning administrator privileges.,group_memberships,Uses shared stored data; UI/service behavior remains
SRS-204.6,LP,Revoke administrator privileges. The system shall allow the group owner to revoke administrator privileges from the currently assigned administrator.,group_memberships,Uses shared stored data; UI/service behavior remains
SRS-204.7,LP,"Return a revoked administrator to regular-member status. When administrator privileges are revoked, the system shall change the affected student's role to regular group member.",group_memberships,Uses shared stored data; UI/service behavior remains
SRS-204.8,LP,Restrict administrator revocation to the owner. The system shall prevent a student who is not the group owner from revoking administrator privileges.,group_memberships,Uses shared stored data; UI/service behavior remains
SRS-204.9,LP,Preserve ownership during administrator assignment. Assigning or revoking the administrator role shall not change the current group owner.,group_memberships,Uses shared stored data; UI/service behavior remains
SRS-205.1,LP,Select a friend for a group invitation. The system shall allow the group owner or administrator to select one of their current SocialU friends for a group invitation.,friend_requests; group_invitations; group_memberships; messages,Direct storage or integrity rule
SRS-205.2,LP,Restrict invitations to friends. The system shall prevent the group owner or administrator from sending a group invitation to a student who is not currently their friend.,friend_requests; group_invitations; group_memberships; messages,Uses shared stored data; UI/service behavior remains
SRS-205.3,LP,Send a group invitation. The system shall allow the group owner or administrator to send a group-join request to a selected friend.,friend_requests; group_invitations; group_memberships; messages,Direct storage or integrity rule
SRS-205.4,LP,Keep invited students outside the group until acceptance. Sending a group invitation shall not make the invited student a current group member.,friend_requests; group_invitations; group_memberships; messages,Uses shared stored data; UI/service behavior remains
SRS-205.5,LP,Present a pending invitation. The system shall make a pending group invitation available to the invited student for response.,friend_requests; group_invitations; group_memberships; messages,Direct storage or integrity rule
SRS-205.6,LP,Accept a group invitation. The system shall allow an invited student to accept a pending group invitation.,friend_requests; group_invitations; group_memberships; messages,Direct storage or integrity rule
SRS-205.7,LP,"Add an accepted invitee. When an invited student accepts a group invitation, the system shall add that student to the group's current membership.",friend_requests; group_invitations; group_memberships; messages,Uses shared stored data; UI/service behavior remains
SRS-205.8,LP,Decline a group invitation. The system shall allow an invited student to decline a pending group invitation.,friend_requests; group_invitations; group_memberships; messages,Direct storage or integrity rule
SRS-205.9,LP,"Preserve nonmembership after decline. When an invited student declines a group invitation, the system shall not add that student to the group.",friend_requests; group_invitations; group_memberships; messages,Uses shared stored data; UI/service behavior remains
SRS-205.10,LP,Remove a regular group member. The system shall allow the group owner or administrator to remove a regular member from the group.,friend_requests; group_invitations; group_memberships; messages,Uses shared stored data; UI/service behavior remains
SRS-205.11,LP,"End membership after administrative removal. When an authorized group manager removes a regular member, the system shall remove that student from the group's current membership.",friend_requests; group_invitations; group_memberships; messages,Uses shared stored data; UI/service behavior remains
SRS-205.12,LP,"Stop future messages after removal. After a student is removed from the group, the system shall not provide that former member with messages sent after the membership ended.",friend_requests; group_invitations; group_memberships; messages,Direct storage or integrity rule
SRS-205.13,LP,"Preserve historical messages after removal. After a student is removed from the group, the system shall allow that former member to view messages that were available before their membership ended.",friend_requests; group_invitations; group_memberships; messages,Direct storage or integrity rule
SRS-206.1,LP,Prevent regular members from inviting students. The system shall prevent a regular group member from sending group invitations.,group_invitations; group_memberships,Uses shared stored data; UI/service behavior remains
SRS-206.2,LP,Prevent regular members from removing members. The system shall prevent a regular group member from removing another group member.,group_invitations; group_memberships,Uses shared stored data; UI/service behavior remains
SRS-206.3,LP,Prevent regular members from assigning administrators. The system shall prevent a regular group member from assigning administrator privileges.,group_invitations; group_memberships,Uses shared stored data; UI/service behavior remains
SRS-206.4,LP,Prevent administrators from assigning administrators. The system shall prevent a group administrator from assigning administrator privileges to another member.,group_invitations; group_memberships,Uses shared stored data; UI/service behavior remains
SRS-206.5,LP,Prevent administrators from revoking administrator privileges. The system shall prevent the administrator from modifying the administrator-role assignment.,group_invitations; group_memberships,Uses shared stored data; UI/service behavior remains
SRS-206.6,LP,Protect the group owner from administrator removal. The system shall prevent the group administrator from removing the current owner from the group.,group_invitations; group_memberships,Uses shared stored data; UI/service behavior remains
SRS-206.7,LP,Protect ownership from administrator transfer. The system shall prevent the administrator from manually transferring group ownership while the current owner remains a member.,group_invitations; group_memberships,Uses shared stored data; UI/service behavior remains
SRS-206.8,LP,Permit administrator invitations. The system shall allow the administrator to send group invitations to eligible friends.,group_invitations; group_memberships,Uses shared stored data; UI/service behavior remains
SRS-206.9,LP,Permit administrator member removal. The system shall allow the administrator to remove regular group members.,group_invitations; group_memberships,Uses shared stored data; UI/service behavior remains
SRS-207.1,LP,Leave as a regular member. The system shall allow a regular group member to leave the group.,group_memberships; hidden_conversations; messages,Uses shared stored data; UI/service behavior remains
SRS-207.2,LP,Leave as an administrator. The system shall allow an administrator who is not the group owner to leave the group.,group_memberships; hidden_conversations; messages,Uses shared stored data; UI/service behavior remains
SRS-207.3,LP,"End membership after leaving. When a non-owner student leaves a group, the system shall remove that student from the group's current membership.",group_memberships; hidden_conversations; messages,Uses shared stored data; UI/service behavior remains
SRS-207.4,LP,"Stop future messages after leaving. After a student leaves a group, the system shall not provide that student with group messages sent after the student's membership ended.",group_memberships; hidden_conversations; messages,Uses shared stored data; UI/service behavior remains
SRS-207.5,LP,"Preserve historical messages after leaving. After a student leaves a group, the system shall allow that former member to view messages that were available before they left.",group_memberships; hidden_conversations; messages,Direct storage or integrity rule
SRS-207.6,LP,"Offer conversation deletion after leaving. After a student leaves a group, the system shall provide that former member with an option to delete the group conversation from their own conversation history.",group_memberships; hidden_conversations; messages,Direct storage or integrity rule
SRS-207.7,LP,"Delete a former group conversation from the student's view. When a former member chooses to delete a group conversation, the system shall remove that conversation from that student's conversation history without deleting the conversation for remaining group members.",group_memberships; hidden_conversations; messages,Direct storage or integrity rule
SRS-208.1,LP,Require an administrator before owner departure. The system shall prevent the group owner from leaving when the group does not have a currently assigned administrator.,group_memberships; messages,Uses shared stored data; UI/service behavior remains
SRS-208.2,LP,"Promote the administrator to owner. When the group owner leaves, the system shall assign the current administrator as the new group owner.",group_memberships; messages,Direct storage or integrity rule
SRS-208.3,LP,Complete ownership transfer before owner removal. The system shall complete the administrator's promotion to owner before removing the departing owner from current group membership.,group_memberships; messages,Uses shared stored data; UI/service behavior remains
SRS-208.4,LP,"Remove the former owner from membership. After ownership has successfully transferred, the system shall remove the former owner from the group's current membership.",group_memberships; messages,Uses shared stored data; UI/service behavior remains
SRS-208.5,LP,"Vacate the administrator role after promotion. When the administrator becomes the new group owner, the system shall leave the administrator role unassigned.",group_memberships; messages,Uses shared stored data; UI/service behavior remains
SRS-208.6,LP,Allow the new owner to assign an administrator. The system shall allow the new owner to assign one eligible current group member as the group's new administrator.,group_memberships; messages,Uses shared stored data; UI/service behavior remains
SRS-208.7,LP,"Preserve former-owner historical messages. After the previous owner leaves, the system shall allow the former owner to view messages that were available while they were a group member.",group_memberships; messages,Uses shared stored data; UI/service behavior remains
SRS-208.8,LP,"Stop future messages for the former owner. After the former owner's membership ends, the system shall not provide that student with messages subsequently sent to the group.",group_memberships; messages,Uses shared stored data; UI/service behavior remains
SRS-208.9,LP,Maintain continuous group ownership. The system shall not place an active group into a state in which no current member is assigned as owner.,group_memberships; messages,Uses shared stored data; UI/service behavior remains
SRS-209.1,LP,Select a message for reply. The system shall allow a current group participant to select an existing group message as the target of a reply.,messages,Uses shared stored data; UI/service behavior remains
SRS-209.2,LP,"Compose a reply. After a message is selected for reply, the system shall allow the participant to compose a new message in response to the selected message.",messages,Uses shared stored data; UI/service behavior remains
SRS-209.3,LP,Send a reply. The system shall allow the participant to send the composed reply to the group conversation.,messages,Uses shared stored data; UI/service behavior remains
SRS-209.4,LP,"Associate the reply with its target. When a reply is sent, the system shall associate the reply with the specific message selected as its target.",messages,Direct storage or integrity rule
SRS-209.5,LP,Identify the replied-to message. The system shall display an indication of the original message associated with a reply.,messages,Uses shared stored data; UI/service behavior remains
SRS-209.6,LP,Preserve the reply relationship. The system shall retain the relationship between a reply and its original message while both messages remain available in the conversation.,messages,Uses shared stored data; UI/service behavior remains
SRS-210.1,LP,Select a message for reaction. The system shall allow a current group participant to select an existing group message for a reaction.,group_memberships; message_reactions; reaction_options,Uses shared stored data; UI/service behavior remains
SRS-210.2,LP,"Display the fixed reaction set. When a participant chooses to react to a group message, the system shall display the project's approved fixed set of reaction emojis. The exact fixed reaction emoji set is TBD.",group_memberships; message_reactions; reaction_options,Direct storage or integrity rule
SRS-210.3,LP,Apply a reaction. The system shall allow a group participant to apply one emoji from the approved reaction set to a selected group message.,group_memberships; message_reactions; reaction_options,Direct storage or integrity rule
SRS-210.4,LP,"Display an applied reaction. After a reaction is applied, the system shall display the reaction with the group message to which it belongs.",group_memberships; message_reactions; reaction_options,Direct storage or integrity rule
SRS-210.5,LP,Remove a reaction. The system shall allow a student to remove their own reaction from a group message.,group_memberships; message_reactions; reaction_options,Direct storage or integrity rule
SRS-210.6,LP,Change a reaction. The system shall allow a student to replace their existing reaction with another emoji from the approved reaction set.,group_memberships; message_reactions; reaction_options,Direct storage or integrity rule
SRS-211.1,LP,Display sender name. The system shall display the sender's name with each message.,message_reads; messages; student_profiles; students,Uses shared stored data; UI/service behavior remains
SRS-211.2,LP,Display sender profile picture. The system shall display the sender's profile picture with each message.,message_reads; messages; student_profiles; students,Uses shared stored data; UI/service behavior remains
SRS-211.3,LP,Display message time. The system shall display the time associated with each sent message.,message_reads; messages; student_profiles; students,Direct storage or integrity rule
SRS-211.4,LP,"Display sent status. After a message has been successfully sent, the system shall display a sent status for that message to its sender.",message_reads; messages; student_profiles; students,Direct storage or integrity rule
SRS-211.5,LP,"Display failed status. When a message fails to send, the system shall display a failed status for that message to its sender.",message_reads; messages; student_profiles; students,Direct storage or integrity rule
SRS-211.6,LP,"Mark existing private messages as read when opened. When a student opens a private conversation, the system shall mark previously unread messages received from the other participant as read.",message_reads; messages; student_profiles; students,Direct storage or integrity rule
SRS-211.7,LP,"Mark incoming private messages as read while viewing. When a new private message arrives while its recipient is currently viewing that private conversation, the system shall mark the incoming message as read without requiring the recipient to leave or reopen the conversation.",message_reads; messages; student_profiles; students,Direct storage or integrity rule
SRS-211.8,LP,"Display private-message read status. When a private message has been marked as read, the system shall display a read status for that message to its sender.",message_reads; messages; student_profiles; students,Direct storage or integrity rule
SRS-211.9,LP,Omit group-message read receipts. The system shall not display recipient read-status information to senders of group messages.,message_reads; messages; student_profiles; students,Uses shared stored data; UI/service behavior remains
SRS-212.1,LP,Maintain unread state by participant. The system shall maintain message read or unread state separately for each conversation participant.,conversations; group_memberships; message_reads; messages,Direct storage or integrity rule
SRS-212.2,LP,Identify an unread private conversation. The system shall identify a private conversation as unread for a student when it contains at least one message that student has not read.,conversations; group_memberships; message_reads; messages,Uses shared stored data; UI/service behavior remains
SRS-212.3,LP,Identify an unread group conversation. The system shall identify a group conversation as unread for a current member when it contains at least one message that member has not read.,conversations; group_memberships; message_reads; messages,Uses shared stored data; UI/service behavior remains
SRS-212.4,LP,Display an unread-conversation indicator. The system shall display an unread indicator for each conversation currently containing unread messages for the signed-in student.,conversations; group_memberships; message_reads; messages,Uses shared stored data; UI/service behavior remains
SRS-212.5,LP,"Mark existing messages as read when opening a conversation. When a student opens a private or group conversation, the system shall mark messages already present in that conversation as read for that student.",conversations; group_memberships; message_reads; messages,Direct storage or integrity rule
SRS-212.6,LP,"Mark incoming messages as read while viewing. When a new message arrives while the receiving student is currently viewing that conversation, the system shall mark the incoming message as read for that student.",conversations; group_memberships; message_reads; messages,Uses shared stored data; UI/service behavior remains
SRS-212.7,LP,"Maintain unread state outside the active conversation. When a message arrives in a conversation the receiving student is not currently viewing, the system shall maintain that message as unread for that student.",conversations; group_memberships; message_reads; messages,Uses shared stored data; UI/service behavior remains
SRS-212.8,LP,"Remove the unread indicator. When a conversation contains no unread messages for the signed-in student, the system shall stop displaying that conversation's unread indicator.",conversations; group_memberships; message_reads; messages,Uses shared stored data; UI/service behavior remains
SRS-213.1,LP,Restrict private-conversation access. The system shall allow access to a private conversation only to its two authorized participants.,conversations; group_memberships; messages,Uses shared stored data; UI/service behavior remains
SRS-213.2,LP,Deny unauthorized private-conversation access. The system shall deny access to a private conversation when the requesting student is not one of its two participants.,conversations; group_memberships; messages,Uses shared stored data; UI/service behavior remains
SRS-213.3,LP,Restrict current group activity to current members. The system shall allow access to current group-conversation activity only to current group members.,conversations; group_memberships; messages,Uses shared stored data; UI/service behavior remains
SRS-213.4,LP,Deny future group-message access to former members. The system shall deny a former group member access to messages sent after that student's membership ended.,conversations; group_memberships; messages,Uses shared stored data; UI/service behavior remains
SRS-213.5,LP,Preserve historical access for former members. The system shall allow a former group member to view messages that were available during that student's period of group membership.,conversations; group_memberships; messages,Direct storage or integrity rule
SRS-213.6,LP,Prevent former members from receiving new messages. The system shall prevent a former group member from receiving messages sent after that student's membership ended.,conversations; group_memberships; messages,Uses shared stored data; UI/service behavior remains
SRS-213.7,LP,Prevent former members from sending group messages. The system shall prevent a former group member from sending messages to a group they have left or from which they have been removed.,conversations; group_memberships; messages,Uses shared stored data; UI/service behavior remains
SRS-213.8,LP,Prevent former members from reacting to new activity. The system shall prevent a former group member from reacting to messages sent after that student's membership ended.,conversations; group_memberships; messages,Uses shared stored data; UI/service behavior remains
SRS-213.9,LP,Prevent former members from replying to new activity. The system shall prevent a former group member from replying to messages sent after that student's membership ended.,conversations; group_memberships; messages,Uses shared stored data; UI/service behavior remains
SRS-301.1,MS,Campus Feed access. The system shall provide an authenticated student with access to a dedicated Campus Feed containing posts marked as Public.,posts; student_blocks; students,Uses shared stored data; UI/service behavior remains
SRS-301.2,MS,Public post display. The system shall display each published Public post in the Campus Feed when the post belongs to a student within the same university.,posts; student_blocks; students,Uses shared stored data; UI/service behavior remains
SRS-301.3,MS,Non-friend public posts. The system shall display a student's Public post in the Campus Feed regardless of whether the current student has an accepted friendship relationship with the post author.,posts; student_blocks; students,Uses shared stored data; UI/service behavior remains
SRS-302.1,MS,Friends Feed access. The system shall provide an authenticated student with access to a separate Friends Feed containing Friends Only posts.,friend_requests; posts; student_blocks,Uses shared stored data; UI/service behavior remains
SRS-302.2,MS,Friend-only post display. The system shall display a Friends Only post in the current student's Friends Feed when the current student has an accepted friendship relationship with the post author.,friend_requests; posts; student_blocks,Uses shared stored data; UI/service behavior remains
SRS-302.3,MS,Restricted friend content. The system shall prevent a Friends Only post from being displayed in the Friends Feed of a student who does not have an accepted friendship relationship with the post author.,friend_requests; posts; student_blocks,Uses shared stored data; UI/service behavior remains
SRS-303.1,MS,Text post entry. The system shall provide an authenticated student with a post creation function that accepts written text as post content.,posts,Uses shared stored data; UI/service behavior remains
SRS-303.2,MS,Text post publication. The system shall create a new post containing the submitted text when an authenticated student submits a valid text post for publication.,posts,Direct storage or integrity rule
SRS-303.3,MS,Post author assignment. The system shall associate a newly created post with the authenticated student who submitted the post.,posts,Direct storage or integrity rule
SRS-304.1,MS,Photograph attachment. The system shall allow an authenticated student to select one or more supported photograph files while creating a post.,media_assets; post_photos; posts; upload_policies,Direct storage or integrity rule
SRS-304.2,MS,Photograph preview. The system shall display a preview of each selected photograph before the student publishes the post.,media_assets; post_photos; posts; upload_policies,Uses shared stored data; UI/service behavior remains
SRS-304.3,MS,Photograph association. The system shall associate each successfully uploaded photograph with the post to which it was attached.,media_assets; post_photos; posts; upload_policies,Direct storage or integrity rule
SRS-304.4,MS,Photograph display. The system shall display photographs attached to a published post to students who are authorized to view that post.,media_assets; post_photos; posts; upload_policies,Direct storage or integrity rule
SRS-305.1,MS,Author name display. The system shall display the name of the student who created each post shown in the Campus Feed or Friends Feed.,posts; student_profiles; students,Uses shared stored data; UI/service behavior remains
SRS-305.2,MS,Author profile picture display. The system shall display the profile picture associated with the author of each post shown in the Campus Feed or Friends Feed.,posts; student_profiles; students,Uses shared stored data; UI/service behavior remains
SRS-305.3,MS,Publication timestamp display. The system shall display the publication date or time associated with each post shown in the Campus Feed or Friends Feed.,posts; student_profiles; students,Direct storage or integrity rule
SRS-306.1,MS,Own-post editing access. The system shall allow an authenticated student to initiate editing for a post when that student is the post's author.,post_photos; posts,Uses shared stored data; UI/service behavior remains
SRS-306.2,MS,Post content modification. The system shall allow the author of a post to modify the text content of that post after publication.,post_photos; posts,Direct storage or integrity rule
SRS-306.3,MS,Attached content modification. The system shall allow the author of a post to modify its attached photograph content after publication.,post_photos; posts,Direct storage or integrity rule
SRS-306.4,MS,"Edited indicator. The system shall display an ""Edited"" indicator on a post after the author successfully saves changes to the post.",post_photos; posts,Direct storage or integrity rule
SRS-306.5,MS,Unauthorized post editing prevention. The system shall prevent a student from editing a post when that student is not the post's author.,post_photos; posts,Uses shared stored data; UI/service behavior remains
SRS-307.1,MS,Own-post deletion access. The system shall allow an authenticated student to initiate deletion of a post when that student is the post's author.,posts,Uses shared stored data; UI/service behavior remains
SRS-307.2,MS,Deletion confirmation. The system shall display a confirmation prompt when a student initiates deletion of their own post.,posts,Uses shared stored data; UI/service behavior remains
SRS-307.3,MS,Confirmed post deletion. The system shall remove a post from the feeds in which it is displayed when the post author confirms the deletion.,posts,Direct storage or integrity rule
SRS-307.4,MS,Canceled post deletion. The system shall preserve the post when the author cancels the deletion confirmation.,posts,Uses shared stored data; UI/service behavior remains
SRS-307.5,MS,Unauthorized post deletion prevention. The system shall prevent a student from deleting a post when that student is not the post's author.,posts,Uses shared stored data; UI/service behavior remains
SRS-308.1,MS,Post like access. The system shall allow an authenticated student to like a published post when that student is authorized to view the post.,post_likes; posts,Uses shared stored data; UI/service behavior remains
SRS-308.2,MS,Like recording. The system shall record the authenticated student's like when the student successfully likes an authorized post.,post_likes; posts,Direct storage or integrity rule
SRS-308.3,MS,Like count display. The system shall display the total number of active likes associated with each post in the Community Feed or Friends Feed.,post_likes; posts,Direct storage or integrity rule
SRS-309.1,MS,Existing like removal. The system shall allow a student to remove their existing like from a post when the student has previously liked that post.,post_likes,Direct storage or integrity rule
SRS-309.2,MS,Updated like count after removal. The system shall decrease the displayed like count for a post when a student successfully removes their like.,post_likes,Uses shared stored data; UI/service behavior remains
SRS-310.1,MS,Comment submission. The system shall allow an authenticated student to submit a written comment on a published post when the student is authorized to view that post.,post_comments; posts,Direct storage or integrity rule
SRS-310.2,MS,Comment association. The system shall associate a successfully submitted comment with the post on which the student submitted the comment.,post_comments; posts,Direct storage or integrity rule
SRS-310.3,MS,Comment author association. The system shall associate a successfully submitted comment with the authenticated student who submitted it.,post_comments; posts,Direct storage or integrity rule
SRS-311.1,MS,Comment display. The system shall display comments associated with a post when an authorized student views the post's comments.,post_comments; student_profiles; students,Uses shared stored data; UI/service behavior remains
SRS-311.2,MS,Comment author display. The system shall display the name of the student who submitted each displayed comment.,post_comments; student_profiles; students,Uses shared stored data; UI/service behavior remains
SRS-311.3,MS,Comment profile picture display. The system shall display the profile picture associated with the student who submitted each displayed comment.,post_comments; student_profiles; students,Uses shared stored data; UI/service behavior remains
SRS-311.4,MS,Comment text display. The system shall display the text content of each submitted comment.,post_comments; student_profiles; students,Direct storage or integrity rule
SRS-311.5,MS,Comment timestamp display. The system shall display the date or time associated with each submitted comment.,post_comments; student_profiles; students,Direct storage or integrity rule
SRS-312.1,MS,Like notification creation. The system shall create a notification for a post author when another student successfully likes that author's post.,notifications; post_likes; posts,Direct storage or integrity rule
SRS-312.2,MS,Like notification actor. The system shall identify the student who liked the post in the generated notification.,notifications; post_likes; posts,Direct storage or integrity rule
SRS-312.3,MS,Like notification post reference. The system shall associate the generated like notification with the post that received the like.,notifications; post_likes; posts,Direct storage or integrity rule
SRS-312.4,MS,Grouped like notifications. The system shall combine multiple like notifications for the same post into a grouped notification when more than one student has liked that post within the notification grouping period.,notifications; post_likes; posts,Direct storage or integrity rule
SRS-313.1,MS,Comment notification creation. The system shall create a notification for a post author when another student successfully submits a comment on that author's post.,notifications; post_comments,Direct storage or integrity rule
SRS-313.2,MS,Comment notification actor. The system shall identify the student who submitted the comment in the generated notification.,notifications; post_comments,Direct storage or integrity rule
SRS-313.3,MS,Comment notification post reference. The system shall associate the generated comment notification with the post on which the comment was submitted.,notifications; post_comments,Direct storage or integrity rule
SRS-314.1,MS,Report submission. The system shall allow an authenticated student to submit a report for a published post that the student is authorized to view.,post_reports; posts,Direct storage or integrity rule
SRS-314.2,MS,Report count. The system shall record each successfully submitted report associated with the reported post and maintain the total number of reports received for that post.,post_reports; posts,Direct storage or integrity rule
SRS-314.3,MS,Automatic post deletion threshold. The system shall delete a reported post when the number of valid reports associated with that post reaches 5 reports.,post_reports; posts,Direct storage or integrity rule
SRS-314.4,MS,Report confirmation. The system shall display a confirmation message to the reporting student after a report has been successfully submitted.,post_reports; posts,Uses shared stored data; UI/service behavior remains
SRS-314.5,MS,Reporter identity privacy. The system shall prevent the identity of the student who submitted a report from being displayed to other students.,post_reports; posts,Direct storage or integrity rule
SRS-315.1,MS,Public visibility option. The system shall provide a Public visibility option when an authenticated student creates a post.,friend_requests; posts; student_blocks,Direct storage or integrity rule
SRS-315.2,MS,Friends Only visibility option. The system shall provide a Friends Only visibility option when an authenticated student creates a post.,friend_requests; posts; student_blocks,Direct storage or integrity rule
SRS-315.3,MS,Visibility selection requirement. The system shall require the student to select a post visibility option before the post is published.,friend_requests; posts; student_blocks,Direct storage or integrity rule
SRS-315.4,MS,Public feed placement. The system shall make a published post available in the Campus Feed when the post's visibility is set to Public.,friend_requests; posts; student_blocks,Uses shared stored data; UI/service behavior remains
SRS-315.5,MS,Friends Feed placement. The system shall make a published post available to the author's accepted friends through the Friends Feed when the post's visibility is set to Friends Only.,friend_requests; posts; student_blocks,Uses shared stored data; UI/service behavior remains
SRS-315.6,MS,Friends Only access restriction. The system shall prevent a Friends Only post from being displayed to anyone other than its author or the author's current accepted friends.,friend_requests; posts; student_blocks,Uses shared stored data; UI/service behavior remains
SRS-315.7,MS,Friends Only Campus Feed restriction. The system shall prevent a Friends Only post from appearing in the Campus Feed.,friend_requests; posts; student_blocks,Uses shared stored data; UI/service behavior remains
SRS-400.1,KB,Enter Event Title. The system shall allow a registered student to enter a title for a campus event.,events,Direct storage or integrity rule
SRS-400.2,KB,Enter Event Description. The system shall allow a registered student to enter a description for a campus event.,events,Direct storage or integrity rule
SRS-400.3,KB,Enter Event Location. The system shall allow a registered student to enter a location for a campus event.,events,Direct storage or integrity rule
SRS-400.4,KB,Select Event Date. The system shall allow a registered student to select a date for a campus event.,events,Direct storage or integrity rule
SRS-400.5,KB,Select Event Time. The system shall allow a registered student to select a time for a campus event.,events,Direct storage or integrity rule
SRS-400.6,KB,Create Event. The system shall create a campus event when a registered student submits the required event information.,events,Direct storage or integrity rule
SRS-401.1,KB,Display Campus Events. The system shall display available campus events when a registered student opens the campus events area.,events,Uses shared stored data; UI/service behavior remains
SRS-401.2,KB,Display Event Title. The system shall display the title of each campus event.,events,Uses shared stored data; UI/service behavior remains
SRS-401.3,KB,Display Event Description. The system shall display the description of each campus event.,events,Uses shared stored data; UI/service behavior remains
SRS-401.4,KB,Display Event Location. The system shall display the location of each campus event.,events,Uses shared stored data; UI/service behavior remains
SRS-401.5,KB,Display Event Date. The system shall display the date of each campus event.,events,Uses shared stored data; UI/service behavior remains
SRS-401.6,KB,Display Event Time. The system shall display the time of each campus event.,events,Uses shared stored data; UI/service behavior remains
SRS-402.1,KB,"Select Students. The system shall allow an event creator to select any registered student at the same university to invite, whether or not they are friends.",event_invitations; events; students,Direct storage or integrity rule
SRS-402.2,KB,Select Multiple Students. The system shall allow an event creator to select multiple students for an event invitation.,event_invitations; events; students,Uses shared stored data; UI/service behavior remains
SRS-402.3,KB,Send Event Invitation. The system shall send an event invitation to each selected student.,event_invitations; events; students,Direct storage or integrity rule
SRS-402.4,KB,Display Invitation. The system shall display an event invitation to an invited student.,event_invitations; events; students,Uses shared stored data; UI/service behavior remains
SRS-402.5,KB,Track Invited Students. The system shall allow the event creator to view the students who were invited to the event.,event_invitations; events; students,Direct storage or integrity rule
SRS-403.1,KB,View Event Invitation. The system shall allow an invited student to view an event invitation.,event_invitations; events,Uses shared stored data; UI/service behavior remains
SRS-403.2,KB,Accept Event Invitation. The system shall allow an invited student to accept an event invitation.,event_invitations; events,Direct storage or integrity rule
SRS-403.3,KB,Decline Event Invitation. The system shall allow an invited student to decline an event invitation.,event_invitations; events,Direct storage or integrity rule
SRS-403.4,KB,Change RSVP. The system shall allow an invited student to change their RSVP before the event.,event_invitations; events,Direct storage or integrity rule
SRS-403.5,KB,Display Current RSVP. The system shall display the invited student's current RSVP status.,event_invitations; events,Direct storage or integrity rule
SRS-404.1,KB,Update Event Title. The system shall allow the event creator to update the event title.,event_invitations; events,Uses shared stored data; UI/service behavior remains
SRS-404.2,KB,Update Event Description. The system shall allow the event creator to update the event description.,event_invitations; events,Uses shared stored data; UI/service behavior remains
SRS-404.3,KB,Update Event Location. The system shall allow the event creator to update the event location.,event_invitations; events,Uses shared stored data; UI/service behavior remains
SRS-404.4,KB,Update Event Date. The system shall allow the event creator to update the event date.,event_invitations; events,Uses shared stored data; UI/service behavior remains
SRS-404.5,KB,Update Event Time. The system shall allow the event creator to update the event time.,event_invitations; events,Uses shared stored data; UI/service behavior remains
SRS-404.6,KB,Restrict Event Updates. The system shall allow only the event creator to update an event.,event_invitations; events,Uses shared stored data; UI/service behavior remains
SRS-404.7,KB,Cancel Event. The system shall allow the event creator to cancel an event.,event_invitations; events,Direct storage or integrity rule
SRS-404.8,KB,Restrict Event Cancellation. The system shall allow only the event creator to cancel an event.,event_invitations; events,Uses shared stored data; UI/service behavior remains
SRS-404.9,KB,Display Cancellation Status. The system shall display when an event has been cancelled.,event_invitations; events,Direct storage or integrity rule
SRS-404.10,KB,Provide Cancellation Information. The system shall provide cancellation information to students who were invited to the event.,event_invitations; events,Uses shared stored data; UI/service behavior remains
SRS-404.11,KB,View Event Attendees. The system shall allow the event creator to view students who have responded as attending.,event_invitations; events,Direct storage or integrity rule
SRS-404.12,KB,Display Updated Event Information. The system shall display the most recently saved event information to students viewing the event.,event_invitations; events,Uses shared stored data; UI/service behavior remains
SRS-405.1,KB,"Select eligible campus posts. When Trending is loaded, the system shall consider only existing published Campus Feed posts visible to the signed-in student at the launch university.",post_likes; posts; student_blocks; students,Direct storage or integrity rule
SRS-405.2,KB,"Count recent active likes. When calculating a post's Trending count at time T, the system shall count at most one currently active like per student whose latest like time is within the interval from T minus 168 hours through T, inclusive.",post_likes; posts; student_blocks; students,Direct storage or integrity rule
SRS-405.3,KB,"Rank trending posts. When Trending results are produced, the system shall order eligible posts by recent-like count descending, then publication time descending for ties, then stable post identifier ascending for remaining ties.",post_likes; posts; student_blocks; students,Direct storage or integrity rule
SRS-405.4,KB,"Exclude zero-count posts. When a post has zero qualifying likes in the current 168-hour interval, the system shall omit it from Trending.",post_likes; posts; student_blocks; students,Direct storage or integrity rule
SRS-405.5,KB,"Identify trending entries. When a Trending entry is shown, the system shall present the post author, a text or photo preview, and its recent-like count.",post_likes; posts; student_blocks; students,Uses shared stored data; UI/service behavior remains
SRS-405.6,KB,"Open the selected post. When a student selects a Trending entry, the system shall open the corresponding feed post under the current feed access rules.",post_likes; posts; student_blocks; students,Uses shared stored data; UI/service behavior remains
SRS-405.7,KB,"Explain empty results. When no eligible post has a qualifying recent like, the system shall display an empty Trending message.",post_likes; posts; student_blocks; students,Uses shared stored data; UI/service behavior remains
SRS-405.8,KB,"Refresh the ranking. When a student opens or refreshes Events and Trending, the system shall calculate Trending using the recorded post and like state at that refresh time.",post_likes; posts; student_blocks; students,Uses shared stored data; UI/service behavior remains
SRS-500.1,DP,"Owner edit access. When a student opens their own dorm, the system shall provide a decorating mode restricted to that dorm owner.",catalog_items; compatible_item_overlaps; dorm_placements; dorms; item_footprints; owned_items; reserved_room_cells; room_surfaces,Uses shared stored data; UI/service behavior remains
SRS-500.2,DP,"Grid placement. When an owner places an owned furniture or decoration item, the system shall align its footprint to the room's placement grid.",catalog_items; compatible_item_overlaps; dorm_placements; dorms; item_footprints; owned_items; reserved_room_cells; room_surfaces,Direct storage or integrity rule
SRS-500.3,DP,"Move a placed item. When the owner confirms a valid destination for a placed item, the system shall relocate that item to the selected grid position.",catalog_items; compatible_item_overlaps; dorm_placements; dorms; item_footprints; owned_items; reserved_room_cells; room_surfaces,Direct storage or integrity rule
SRS-500.4,DP,"Return to inventory. When the owner returns a placed item to inventory, the system shall remove its room placement without removing ownership.",catalog_items; compatible_item_overlaps; dorm_placements; dorms; item_footprints; owned_items; reserved_room_cells; room_surfaces,Direct storage or integrity rule
SRS-500.5,DP,"One placement per item. When an item is already placed in the owner's dorm, the system shall reject an additional placement of that same owned catalog item.",catalog_items; compatible_item_overlaps; dorm_placements; dorms; item_footprints; owned_items; reserved_room_cells; room_surfaces,Direct storage or integrity rule
SRS-500.6,DP,"Unowned item rejection. When an owner attempts to place an item they do not own, the system shall reject the placement.",catalog_items; compatible_item_overlaps; dorm_placements; dorms; item_footprints; owned_items; reserved_room_cells; room_surfaces,Direct storage or integrity rule
SRS-500.7,DP,"Fixed item orientation. When a student decorates their dorm, the system shall retain each item's predefined orientation without offering rotation.",catalog_items; compatible_item_overlaps; dorm_placements; dorms; item_footprints; owned_items; reserved_room_cells; room_surfaces,Direct storage or integrity rule
SRS-500.8,DP,"Room boundary validation. When a proposed item footprint extends outside its permitted room area, the system shall reject the placement.",catalog_items; compatible_item_overlaps; dorm_placements; dorms; item_footprints; owned_items; reserved_room_cells; room_surfaces,Direct storage or integrity rule
SRS-500.9,DP,"Entrance protection. When a proposed footprint intersects a reserved entrance or exit area, the system shall reject the placement.",catalog_items; compatible_item_overlaps; dorm_placements; dorms; item_footprints; owned_items; reserved_room_cells; room_surfaces,Direct storage or integrity rule
SRS-500.10,DP,"Overlap validation. When proposed footprints overlap, the system shall accept placement only if every overlapping item pair is permitted by the catalog's compatibility rules.",catalog_items; compatible_item_overlaps; dorm_placements; dorms; item_footprints; owned_items; reserved_room_cells; room_surfaces,Direct storage or integrity rule
SRS-500.11,DP,"Invalid placement feedback. When placement is rejected, the system shall identify the violated placement rule to the owner.",catalog_items; compatible_item_overlaps; dorm_placements; dorms; item_footprints; owned_items; reserved_room_cells; room_surfaces,Uses shared stored data; UI/service behavior remains
SRS-500.12,DP,"Preserve rejected placement. When a move or placement is rejected, the system shall retain the last accepted room arrangement.",catalog_items; compatible_item_overlaps; dorm_placements; dorms; item_footprints; owned_items; reserved_room_cells; room_surfaces,Uses shared stored data; UI/service behavior remains
SRS-500.13,DP,"Wall color selection. When the owner selects an available wall color, the system shall apply that color to their dorm walls.",catalog_items; compatible_item_overlaps; dorm_placements; dorms; item_footprints; owned_items; reserved_room_cells; room_surfaces,Direct storage or integrity rule
SRS-500.14,DP,"Floor appearance selection. When the owner selects an available flooring option, the system shall apply that appearance to their dorm floor.",catalog_items; compatible_item_overlaps; dorm_placements; dorms; item_footprints; owned_items; reserved_room_cells; room_surfaces,Direct storage or integrity rule
SRS-500.15,DP,"Visitor edit denial. When a visitor attempts to modify another student's dorm arrangement or appearance, the system shall deny the modification.",catalog_items; compatible_item_overlaps; dorm_placements; dorms; item_footprints; owned_items; reserved_room_cells; room_surfaces,Uses shared stored data; UI/service behavior remains
SRS-503.1,DP,"Starter ownership. When a student's dorm is initialized for the first time, the system shall grant one bed, one window, one desk, and one chair as free owned starter items.",catalog_items; dorms; owned_items,Direct storage or integrity rule
SRS-503.2,DP,"No starter cost. When starter items are granted, the system shall leave the student's shared points balance unchanged.",catalog_items; dorms; owned_items,Uses shared stored data; UI/service behavior remains
SRS-503.3,DP,"Starter availability. When a new owner first opens their decorating inventory, the system shall include all four starter items as available for placement.",catalog_items; dorms; owned_items,Uses shared stored data; UI/service behavior remains
SRS-503.4,DP,"No duplicate starter grants. When a previously initialized dorm is reopened, the system shall retain the existing starter ownership without granting additional copies.",catalog_items; dorms; owned_items,Direct storage or integrity rule
SRS-503.5,DP,"Zero balance access. When a student has a zero points balance, the system shall permit decorating with their owned starter items.",catalog_items; dorms; owned_items,Uses shared stored data; UI/service behavior remains
SRS-504.1,DP,"Avatar representation. When a student enters the DormHall or an accessible dorm, the system shall display that student's current Game Room avatar in two dimensions.",avatar_photo_faces; catalog_items; default_faces; room_surfaces; student_avatars,Direct storage or integrity rule
SRS-504.2,DP,"Default representation. When the student has not customized a Game Room avatar, the system shall display the Game Room's default avatar.",avatar_photo_faces; catalog_items; default_faces; room_surfaces; student_avatars,Uses shared stored data; UI/service behavior remains
SRS-504.3,DP,"Keyboard movement. When the DormSpace movement view has focus, the system shall move the avatar in the direction indicated by WASD or the arrow keys.",avatar_photo_faces; catalog_items; default_faces; room_surfaces; student_avatars,Uses shared stored data; UI/service behavior remains
SRS-504.4,DP,"Touch movement. When a student uses DormSpace on a touch device, the system shall provide on-screen directional controls for avatar movement.",avatar_photo_faces; catalog_items; default_faces; room_surfaces; student_avatars,Uses shared stored data; UI/service behavior remains
SRS-504.5,DP,"Keyboard interaction. When an interactable door, elevator, or guestbook is in interaction range, pressing E shall activate the indicated interaction target.",avatar_photo_faces; catalog_items; default_faces; room_surfaces; student_avatars,Uses shared stored data; UI/service behavior remains
SRS-504.6,DP,"Touch interaction. When an interactable object is in interaction range on a touch device, the system shall provide an on-screen control to activate that object.",avatar_photo_faces; catalog_items; default_faces; room_surfaces; student_avatars,Uses shared stored data; UI/service behavior remains
SRS-504.7,DP,"Movement bounds. When movement would carry the avatar outside the traversable hall or room boundary, the system shall prevent that movement.",avatar_photo_faces; catalog_items; default_faces; room_surfaces; student_avatars,Uses shared stored data; UI/service behavior remains
SRS-504.8,DP,"Furniture traversal. When an avatar moves across placed furniture or decorations, the system shall permit traversal without furniture collision blocking.",avatar_photo_faces; catalog_items; default_faces; room_surfaces; student_avatars,Uses shared stored data; UI/service behavior remains
SRS-504.9,DP,"Text entry focus. When the student types in a guestbook text field, the system shall suspend avatar movement commands from those keystrokes.",avatar_photo_faces; catalog_items; default_faces; room_surfaces; student_avatars,Uses shared stored data; UI/service behavior remains
SRS-505.1,DP,"One current dorm. When a student's dorm is created, the system shall associate exactly one current dorm state with that account.",dorm_placements; dorms; owned_items,Direct storage or integrity rule
SRS-505.2,DP,"Automatic saving. When the owner completes a valid placement, move, inventory return, wall-color change, or flooring change, the system shall automatically save the resulting current dorm state.",dorm_placements; dorms; owned_items,Direct storage or integrity rule
SRS-505.3,DP,"Save acknowledgment. When a decorating change has been successfully stored, the system shall mark that change as saved.",dorm_placements; dorms; owned_items,Uses shared stored data; UI/service behavior remains
SRS-505.4,DP,"Save failure feedback. When a decorating change cannot be stored, the system shall display an unsaved-change error instead of a saved confirmation.",dorm_placements; dorms; owned_items,Uses shared stored data; UI/service behavior remains
SRS-505.5,DP,"Restore current arrangement. When the owner reenters DormSpace in a later session, the system shall restore the most recently acknowledged saved arrangement and appearance.",dorm_placements; dorms; owned_items,Direct storage or integrity rule
SRS-505.6,DP,"Restore owned inventory. When the owner opens inventory after signing in again, the system shall restore ownership and placement availability from their saved account state.",dorm_placements; dorms; owned_items,Direct storage or integrity rule
SRS-505.7,DP,"No alternate layouts. When the owner saves a decorating change, the system shall replace the current layout without creating a user-selectable alternate layout or layout history.",dorm_placements; dorms; owned_items,Uses shared stored data; UI/service behavior remains
SRS-505.8,DP,"Conflict protection. When a decorating save is based on a superseded version of the dorm, the system shall reject that save rather than overwrite a newer saved layout.",dorm_placements; dorms; owned_items,Direct storage or integrity rule
SRS-505.9,DP,"Conflict recovery. When a decorating conflict is detected, the system shall offer to reload the current saved dorm before further editing.",dorm_placements; dorms; owned_items,Uses shared stored data; UI/service behavior remains
SRS-507.1,DP,"Game Room entry. When a student selects DormSpace in the Game Room, the system shall open the first floor of that student's DormHall.",dorms; friend_requests; student_profiles; students,Uses shared stored data; UI/service behavior remains
SRS-507.2,DP,"Own dorm door. When the first DormHall floor is displayed, the system shall reserve its first door for the student's own dorm with a My Dorm label.",dorms; friend_requests; student_profiles; students,Uses shared stored data; UI/service behavior remains
SRS-507.3,DP,"Friend door identity. When a door represents a current friend, the system shall display that friend's username and current profile picture, using the account default picture when none is set.",dorms; friend_requests; student_profiles; students,Uses shared stored data; UI/service behavior remains
SRS-507.4,DP,"Friend ordering. When assigning friends to doors, the system shall order current friendships by their mutual acceptance time from oldest to newest, using a stable account identifier to break timestamp ties.",dorms; friend_requests; student_profiles; students,Direct storage or integrity rule
SRS-507.5,DP,"First floor allocation. When the first floor is displayed, the system shall assign the first nine friends in that ordering to the nine doors after My Dorm.",dorms; friend_requests; student_profiles; students,Uses shared stored data; UI/service behavior remains
SRS-507.6,DP,"Additional floor allocation. When floor f greater than one is displayed, the system shall assign friends in positions (10 × f) − 10 through (10 × f) − 1 to that floor's ten doors, counting the oldest friend as friend 1.",dorms; friend_requests; student_profiles; students,Uses shared stored data; UI/service behavior remains
SRS-507.7,DP,"Vacant doors. When a displayed floor has fewer assigned friends than available friend doors, the system shall label its remaining friend doors Vacant.",dorms; friend_requests; student_profiles; students,Uses shared stored data; UI/service behavior remains
SRS-507.8,DP,"Vacant door interaction. When a student interacts with a Vacant door, the system shall leave the student in the DormHall without opening a dorm.",dorms; friend_requests; student_profiles; students,Uses shared stored data; UI/service behavior remains
SRS-507.9,DP,"Floor count. When the friend list changes, the system shall provide one first floor plus the minimum additional ten-door floors needed for friends beyond the first nine.",dorms; friend_requests; student_profiles; students,Uses shared stored data; UI/service behavior remains
SRS-507.10,DP,"Elevator controls. When a student interacts with the DormHall elevator, the system shall display one labeled floor-selection button for every available floor.",dorms; friend_requests; student_profiles; students,Uses shared stored data; UI/service behavior remains
SRS-507.11,DP,"Floor selection. When a student selects an available elevator floor, the system shall move their avatar to that floor's elevator arrival area.",dorms; friend_requests; student_profiles; students,Uses shared stored data; UI/service behavior remains
SRS-507.12,DP,"Enter own dorm. When a student interacts with My Dorm, the system shall open their own saved dorm.",dorms; friend_requests; student_profiles; students,Uses shared stored data; UI/service behavior remains
SRS-507.13,DP,"Enter friend dorm. When a student interacts with an assigned friend door, the system shall open that friend's saved dorm only if the friendship remains current at entry.",dorms; friend_requests; student_profiles; students,Uses shared stored data; UI/service behavior remains
SRS-507.14,DP,"Asynchronous visits. When an authorized friend enters a dorm, the system shall allow the visit regardless of whether the owner is online.",dorms; friend_requests; student_profiles; students,Uses shared stored data; UI/service behavior remains
SRS-507.15,DP,"Return through exit. When a student interacts with a dorm's exit, the system shall return them to their own DormHall floor containing that dorm's current door, or floor one if the door no longer exists.",dorms; friend_requests; student_profiles; students,Uses shared stored data; UI/service behavior remains
SRS-507.16,DP,"Friend removal compaction. When a friendship ends, the system shall reassign the remaining friends consecutively to fill the vacated door position.",dorms; friend_requests; student_profiles; students,Uses shared stored data; UI/service behavior remains
SRS-507.17,DP,"Active visit revocation. When a visitor's friendship with the dorm owner ends during a visit, the system shall end that visit by returning the visitor to their own DormHall.",dorms; friend_requests; student_profiles; students,Uses shared stored data; UI/service behavior remains
SRS-507.18,DP,"Removed floor recovery. When friend-list changes remove the floor the student is viewing, the system shall return the student to the first DormHall floor.",dorms; friend_requests; student_profiles; students,Uses shared stored data; UI/service behavior remains
SRS-507.19,DP,"Unauthorized direct entry. When a non-owner without a current friendship requests a dorm directly, the system shall deny entry.",dorms; friend_requests; student_profiles; students,Uses shared stored data; UI/service behavior remains
SRS-508.1,DP,"Open guestbook. When an owner or current friend interacts with a dorm guestbook, the system shall open its first page.",dorms; friend_requests; guestbook_notes,Uses shared stored data; UI/service behavior remains
SRS-508.2,DP,"Owner welcome page. When the first guestbook page is displayed, the system shall reserve its note area for the owner's welcome message rather than visitor notes.",dorms; friend_requests; guestbook_notes,Uses shared stored data; UI/service behavior remains
SRS-508.3,DP,"Default welcome. When an owner has not customized their welcome message, the system shall display Welcome! Thanks for coming. as the default message.",dorms; friend_requests; guestbook_notes,Direct storage or integrity rule
SRS-508.4,DP,"Welcome customization. When the owner submits a welcome message containing at most 500 Unicode characters, the system shall save that message as the dorm's welcome text.",dorms; friend_requests; guestbook_notes,Direct storage or integrity rule
SRS-508.5,DP,"Welcome length rejection. When a welcome message exceeds 500 Unicode characters, the system shall reject the change without replacing the saved message.",dorms; friend_requests; guestbook_notes,Uses shared stored data; UI/service behavior remains
SRS-508.6,DP,"Welcome ownership. When a non-owner attempts to change a welcome message, the system shall deny the change.",dorms; friend_requests; guestbook_notes,Uses shared stored data; UI/service behavior remains
SRS-508.7,DP,"Guestbook reading. When the owner or a current friend views the guestbook's note pages, the system shall display the notes stored for that dorm.",dorms; friend_requests; guestbook_notes,Uses shared stored data; UI/service behavior remains
SRS-508.8,DP,"Note author access. When a student submits a guestbook note, the system shall accept the submission only if the student is a current friend of the dorm owner.",dorms; friend_requests; guestbook_notes,Uses shared stored data; UI/service behavior remains
SRS-508.9,DP,"Note length validation. When a submitted note contains more than 500 Unicode characters, the system shall reject the submission without creating a note.",dorms; friend_requests; guestbook_notes,Direct storage or integrity rule
SRS-508.10,DP,"Empty note rejection. When a submitted note contains only whitespace or no characters, the system shall reject the submission.",dorms; friend_requests; guestbook_notes,Direct storage or integrity rule
SRS-508.11,DP,"Note record. When a valid note is submitted, the system shall store a note record containing its text, author identity, dorm identity, and creation time.",dorms; friend_requests; guestbook_notes,Direct storage or integrity rule
SRS-508.12,DP,"Note display. When a note is displayed, the system shall show its text, author's username, and creation date and time.",dorms; friend_requests; guestbook_notes,Uses shared stored data; UI/service behavior remains
SRS-508.13,DP,"Note ordering. When note pages are opened, the system shall order notes by original creation time from newest to oldest, using a stable note identifier to break ties.",dorms; friend_requests; guestbook_notes,Direct storage or integrity rule
SRS-508.14,DP,"Note pagination. When note pages are displayed, the system shall show three notes per page except for a final page containing fewer remaining notes.",dorms; friend_requests; guestbook_notes,Uses shared stored data; UI/service behavior remains
SRS-508.15,DP,"Page navigation. When additional guestbook pages exist in the requested direction, the system shall allow the reader to turn to the next or previous page.",dorms; friend_requests; guestbook_notes,Uses shared stored data; UI/service behavior remains
SRS-508.16,DP,"Author edit. When a note's author submits a valid replacement text, the system shall update that note without changing its original creation time.",dorms; friend_requests; guestbook_notes,Direct storage or integrity rule
SRS-508.17,DP,"Other author edit denial. When anyone other than the note's author requests a text edit, the system shall deny the edit.",dorms; friend_requests; guestbook_notes,Uses shared stored data; UI/service behavior remains
SRS-508.18,DP,"Note deletion. When the dorm owner or the note's author requests deletion, the system shall remove that note from the guestbook.",dorms; friend_requests; guestbook_notes,Direct storage or integrity rule
SRS-508.19,DP,"Unauthorized deletion. When someone other than the dorm owner or note author requests deletion, the system shall deny the deletion.",dorms; friend_requests; guestbook_notes,Uses shared stored data; UI/service behavior remains
SRS-508.20,DP,"Former friend cleanup. When a friendship ends, the system shall delete each former friend's authored notes from the other's guestbook.",dorms; friend_requests; guestbook_notes,Direct storage or integrity rule
SRS-508.21,DP,"Guestbook persistence. When an authorized reader returns in a later session, the system shall restore the saved welcome message and all notes not subsequently deleted.",dorms; friend_requests; guestbook_notes,Uses shared stored data; UI/service behavior remains
SRS-509.1,DP,"Initial count. When a dorm is initialized, the system shall set its visit counter to zero.",counted_dorm_visits; dorms; friend_requests,Uses shared stored data; UI/service behavior remains
SRS-509.2,DP,"Qualifying visit. When a current friend successfully enters a dorm at least 24 hours after that friend's last counted visit, or has never had a counted visit, the system shall increase that dorm's visit counter by one.",counted_dorm_visits; dorms; friend_requests,Direct storage or integrity rule
SRS-509.3,DP,"Repeat visit exclusion. When a friend enters fewer than 24 elapsed hours after their last counted visit to that dorm, the system shall leave the visit counter unchanged.",counted_dorm_visits; dorms; friend_requests,Direct storage or integrity rule
SRS-509.4,DP,"Owner exclusion. When the owner enters their own dorm, the system shall leave the visit counter unchanged.",counted_dorm_visits; dorms; friend_requests,Uses shared stored data; UI/service behavior remains
SRS-509.5,DP,"Failed entry exclusion. When an attempted dorm entry fails or is denied, the system shall leave the visit counter unchanged.",counted_dorm_visits; dorms; friend_requests,Uses shared stored data; UI/service behavior remains
SRS-509.6,DP,"Guestbook counter. When an owner or authorized friend opens the first guestbook page, the system shall display the dorm's cumulative visit count.",counted_dorm_visits; dorms; friend_requests,Direct storage or integrity rule
SRS-509.7,DP,"Counter persistence. When a dorm is reopened in a later session, the system shall restore its cumulative visit count.",counted_dorm_visits; dorms; friend_requests,Direct storage or integrity rule
SRS-509.8,DP,"Historical count retention. When a friendship ends, the system shall retain visits already included in the dorm's cumulative counter.",counted_dorm_visits; dorms; friend_requests,Direct storage or integrity rule
SRS-509.9,DP,"Concurrent entry protection. When simultaneous entries by the same friend qualify for the same 24-hour counting interval, the system shall record exactly one counted visit.",counted_dorm_visits; dorms; friend_requests,Direct storage or integrity rule
SRS-510.1,DP,"Chat submission entry. When a signed-in participant opens an eligible direct message or group conversation, the system shall provide a Snipe submission action within that conversation.",conversations; friend_requests; group_memberships; media_assets; snipe_requests; snipe_tags; upload_policies,Uses shared stored data; UI/service behavior remains
SRS-510.2,DP,"Photograph requirement. When a student submits a Snipe, the system shall require exactly one readable photograph in a supported image format within the agreed upload-size limit.",conversations; friend_requests; group_memberships; media_assets; snipe_requests; snipe_tags; upload_policies,Direct storage or integrity rule
SRS-510.3,DP,"Invalid photograph feedback. When an uploaded file fails the photograph validation policy, the system shall reject submission with the applicable validation reason.",conversations; friend_requests; group_memberships; media_assets; snipe_requests; snipe_tags; upload_policies,Uses shared stored data; UI/service behavior remains
SRS-510.4,DP,"Tag selection. When selecting Snipe tags, the system shall offer only current friends of the submitter who are current participants in the selected conversation.",conversations; friend_requests; group_memberships; media_assets; snipe_requests; snipe_tags; upload_policies,Uses shared stored data; UI/service behavior remains
SRS-510.5,DP,"Multiple tagged friends. When composing a Snipe, the system shall allow selection of one or more distinct eligible friends.",conversations; friend_requests; group_memberships; media_assets; snipe_requests; snipe_tags; upload_policies,Direct storage or integrity rule
SRS-510.6,DP,"Self tagging denial. When a submitter attempts to tag their own account in a Snipe, the system shall reject that tag.",conversations; friend_requests; group_memberships; media_assets; snipe_requests; snipe_tags; upload_policies,Direct storage or integrity rule
SRS-510.7,DP,"Submission eligibility check. When a submission is accepted, the system shall validate the submitter's current conversation membership and every tagged friend's current friendship, membership, and pair-specific cooldown eligibility.",conversations; friend_requests; group_memberships; media_assets; snipe_requests; snipe_tags; upload_policies,Uses shared stored data; UI/service behavior remains
SRS-510.8,DP,"Whole submission rejection. When any selected tag is ineligible at submission, the system shall reject the whole submission without silently dropping that tag.",conversations; friend_requests; group_memberships; media_assets; snipe_requests; snipe_tags; upload_policies,Uses shared stored data; UI/service behavior remains
SRS-510.9,DP,"Immutable review content. When a Snipe request is created, the system shall fix its photograph, conversation, submitter, and tagged-account list for the lifetime of that request.",conversations; friend_requests; group_memberships; media_assets; snipe_requests; snipe_tags; upload_policies,Direct storage or integrity rule
SRS-510.10,DP,"Create pending request. When a valid submission is accepted, the system shall create one Pending Snipe request with its submission time and expiration time.",conversations; friend_requests; group_memberships; media_assets; snipe_requests; snipe_tags; upload_policies,Direct storage or integrity rule
SRS-510.11,DP,"Submission retry identity. When the same accepted submission action is retried because of a connection failure, the system shall return its existing request rather than create a second request.",conversations; friend_requests; group_memberships; media_assets; snipe_requests; snipe_tags; upload_policies,Direct storage or integrity rule
SRS-510.12,DP,"Chat-only publication. When a Snipe is published, the system shall publish it only in its original conversation without creating a Campus Feed post.",conversations; friend_requests; group_memberships; media_assets; snipe_requests; snipe_tags; upload_policies,Direct storage or integrity rule
SRS-511.1,DP,"Private review access. When a pending Snipe is requested for review, the system shall allow photograph access only to its submitter and originally tagged participants who remain authorized conversation members and eligible friends.",friend_requests; group_memberships; snipe_requests; snipe_tags,Uses shared stored data; UI/service behavior remains
SRS-511.2,DP,"Separate identity answer. When a tagged student reviews a pending Snipe, the system shall request a Yes or No answer to Is this you? independently of sharing permission.",friend_requests; group_memberships; snipe_requests; snipe_tags,Direct storage or integrity rule
SRS-511.3,DP,"Separate sharing answer. When a tagged student reviews a pending Snipe, the system shall request a Yes or No answer to Do you approve sharing this photograph in this conversation? independently of identity verification.",friend_requests; group_memberships; snipe_requests; snipe_tags,Direct storage or integrity rule
SRS-511.4,DP,"No assumed permission. When one consent question is answered, the system shall leave the other question unanswered until the tagged student explicitly answers it.",friend_requests; group_memberships; snipe_requests; snipe_tags,Direct storage or integrity rule
SRS-511.5,DP,"Response ownership. When a consent response is submitted, the system shall accept it only from the tagged account whose response is being recorded.",friend_requests; group_memberships; snipe_requests; snipe_tags,Uses shared stored data; UI/service behavior remains
SRS-511.6,DP,"Complete response gate. When any originally tagged student has not answered both questions, the system shall keep the request unpublished unless a terminal rejection, cancellation, or expiration has occurred.",friend_requests; group_memberships; snipe_requests; snipe_tags,Uses shared stored data; UI/service behavior remains
SRS-511.7,DP,"Sharing rejection. When any tagged student answers No to sharing while the request is pending, the system shall close the entire request as Rejected without publication.",friend_requests; group_memberships; snipe_requests; snipe_tags,Uses shared stored data; UI/service behavior remains
SRS-511.8,DP,"Verified publication. When every tagged student has completed both responses before expiration, every sharing answer is Yes, at least one identity answer is Yes, and eligibility remains valid, the system shall publish the photograph as an Approved Snipe.",friend_requests; group_memberships; snipe_requests; snipe_tags,Uses shared stored data; UI/service behavior remains
SRS-511.9,DP,"Verified tag list. When an Approved Snipe is displayed, the system shall identify only the tagged friends whose identity answers are Yes as verified Snipe targets.",friend_requests; group_memberships; snipe_requests; snipe_tags,Direct storage or integrity rule
SRS-511.10,DP,"No verified target. When all tagged students have answered both questions with sharing permitted but every identity answer is No, the system shall close the request as Closed with the reason No verified targets.",friend_requests; group_memberships; snipe_requests; snipe_tags,Uses shared stored data; UI/service behavior remains
SRS-511.11,DP,"Pending withdrawal. When a tagged student withdraws a previously granted sharing permission before publication, the system shall cancel the entire request without publication.",friend_requests; group_memberships; snipe_requests; snipe_tags,Direct storage or integrity rule
SRS-511.12,DP,"Published withdrawal. When an originally tagged participant withdraws sharing permission after publication, the system shall invoke the published removal operation defined by SRS-514.5 through SRS-514.7.",friend_requests; group_memberships; snipe_requests; snipe_tags,Uses shared stored data; UI/service behavior remains
SRS-511.13,DP,"Terminal response rejection. When a response is submitted for a request that is no longer Pending, the system shall reject the response except for the separate published-removal action.",friend_requests; group_memberships; snipe_requests; snipe_tags,Uses shared stored data; UI/service behavior remains
SRS-512.1,DP,"Private pending status. When the submitter or an authorized tagged student opens the conversation, the system shall display that request's current status in their private Snipe view.",friend_requests; group_memberships; snipe_requests; snipe_tags,Uses shared stored data; UI/service behavior remains
SRS-512.2,DP,"Other member invisibility. When an untagged conversation member views the conversation before Snipe publication, the system shall omit that request's photograph, approval controls, and existence placeholder.",friend_requests; group_memberships; snipe_requests; snipe_tags,Uses shared stored data; UI/service behavior remains
SRS-512.3,DP,"Individual response status. When the submitter or authorized tagged student opens a pending request, the system shall display each tagged student's identity-response and sharing-response state separately.",friend_requests; group_memberships; snipe_requests; snipe_tags,Uses shared stored data; UI/service behavior remains
SRS-512.4,DP,"Request expiration deadline. When a request is created, the system shall set its deadline to exactly 24 elapsed hours after its accepted submission time.",friend_requests; group_memberships; snipe_requests; snipe_tags,Direct storage or integrity rule
SRS-512.5,DP,"Expired request. When a request remains Pending at its deadline, the system shall close it as Expired without publication.",friend_requests; group_memberships; snipe_requests; snipe_tags,Uses shared stored data; UI/service behavior remains
SRS-512.6,DP,"Deadline enforcement. When a response arrives at or after the request's deadline, the system shall reject it as expired even if a background status refresh has not yet run.",friend_requests; group_memberships; snipe_requests; snipe_tags,Uses shared stored data; UI/service behavior remains
SRS-512.7,DP,"Eligibility cancellation. When the submitter leaves the conversation, a tagged student leaves the conversation, or a required submitter-to-tagged friendship ends before publication, the system shall cancel the entire pending request.",friend_requests; group_memberships; snipe_requests; snipe_tags,Uses shared stored data; UI/service behavior remains
SRS-512.8,DP,"Final eligibility validation. When the last required response would authorize publication, the system shall revalidate all required conversation memberships and friendships before publishing.",friend_requests; group_memberships; snipe_requests; snipe_tags,Uses shared stored data; UI/service behavior remains
SRS-512.9,DP,"Terminal reason display. When an authorized reviewer opens a Rejected, Expired, Canceled, or Closed request, the system shall display the reason for that terminal outcome.",friend_requests; group_memberships; snipe_requests; snipe_tags,Direct storage or integrity rule
SRS-512.10,DP,"Published status display. When an authorized conversation member views a published Snipe, the system shall display its Approved status.",friend_requests; group_memberships; snipe_requests; snipe_tags,Uses shared stored data; UI/service behavior remains
SRS-512.11,DP,"Durable outcome. When an authorized reviewer returns in a later session, the system shall restore the request's stored outcome rather than reopen it for approval.",friend_requests; group_memberships; snipe_requests; snipe_tags,Direct storage or integrity rule
SRS-512.12,DP,"No reopening. When a request is Rejected, Expired, Canceled, Closed, or Removed, the system shall reject attempts to republish that same request.",friend_requests; group_memberships; snipe_requests; snipe_tags,Uses shared stored data; UI/service behavior remains
SRS-513.1,DP,"Pair cooldown start. When a Snipe submission is accepted, the system shall start a 24-elapsed-hour submission cooldown for each ordered pair consisting of that submitter and one selected tagged friend.",snipe_requests; snipe_tags,Direct storage or integrity rule
SRS-513.2,DP,"Cross-conversation enforcement. When a submitter tries to tag a friend before their pair's cooldown expires, the system shall reject the submission regardless of which conversation is selected.",snipe_requests; snipe_tags,Uses shared stored data; UI/service behavior remains
SRS-513.3,DP,"Cooldown boundary. When exactly 24 elapsed hours have passed since the pair's most recent accepted submission, the system shall permit that pair to pass the cooldown check.",snipe_requests; snipe_tags,Uses shared stored data; UI/service behavior remains
SRS-513.4,DP,"Outcome-independent cooldown. When an accepted request is rejected, canceled, expired, closed without verified targets, or removed, the system shall retain the pair cooldown measured from the original submission time.",snipe_requests; snipe_tags,Uses shared stored data; UI/service behavior remains
SRS-513.5,DP,"Independent photographers. When a different photographer tags the same friend, the system shall evaluate that different photographer's pair cooldown independently.",snipe_requests; snipe_tags,Uses shared stored data; UI/service behavior remains
SRS-513.6,DP,"Multi-tag reservation. When a multi-person submission is accepted, the system shall reserve the daily opportunity for every originally selected tagged friend, including friends who later deny identity verification.",snipe_requests; snipe_tags,Direct storage or integrity rule
SRS-513.7,DP,"Cooldown feedback. When a submission is rejected by a pair cooldown, the system shall identify the affected friend and the next eligible submission time.",snipe_requests; snipe_tags,Uses shared stored data; UI/service behavior remains
SRS-513.8,DP,"Concurrent pair protection. When simultaneous submissions attempt to use the same available pair opportunity, the system shall accept at most one of those submissions.",snipe_requests; snipe_tags,Uses shared stored data; UI/service behavior remains
SRS-513.9,DP,"Rejected attempt preservation. When a submission fails validation before request creation, the system shall leave all selected pairs' cooldowns unchanged.",snipe_requests; snipe_tags,Uses shared stored data; UI/service behavior remains
SRS-514.1,DP,"Removal roles. When removal of a published Snipe is requested, the system shall authorize the submitter, any originally tagged participant, or a current administrator of its group conversation.",group_memberships; snipe_reports; snipe_requests; snipe_tags,Uses shared stored data; UI/service behavior remains
SRS-514.2,DP,"Other viewer removal denial. When a person outside the authorized removal roles requests removal, the system shall deny the request.",group_memberships; snipe_reports; snipe_requests; snipe_tags,Uses shared stored data; UI/service behavior remains
SRS-514.3,DP,"Direct message removal. When the submitter or an originally tagged person removes a published Snipe from a direct message, the system shall apply the same photograph-removal behavior used in group chats.",group_memberships; snipe_reports; snipe_requests; snipe_tags,Uses shared stored data; UI/service behavior remains
SRS-514.4,DP,"Removal confirmation. When an authorized person selects Remove, the system shall request confirmation before removing the published Snipe.",group_memberships; snipe_reports; snipe_requests; snipe_tags,Uses shared stored data; UI/service behavior remains
SRS-514.5,DP,"Removed status. When an authorized published-removal action is confirmed, the system shall transition the request to Removed.",group_memberships; snipe_reports; snipe_requests; snipe_tags,Direct storage or integrity rule
SRS-514.6,DP,"Photograph withdrawal. When a published Snipe transitions to Removed, the system shall stop serving its photograph to every conversation participant through SocialU.",group_memberships; snipe_reports; snipe_requests; snipe_tags,Uses shared stored data; UI/service behavior remains
SRS-514.7,DP,"Removed placeholder. When a previously published Snipe is Removed, the system shall display Snipe removed in place of its photograph in the original conversation.",group_memberships; snipe_reports; snipe_requests; snipe_tags,Direct storage or integrity rule
SRS-514.8,DP,"Group reporting. When a current group participant reports a published Snipe, the system shall accept a report identifying that Snipe and the reporting reason.",group_memberships; snipe_reports; snipe_requests; snipe_tags,Direct storage or integrity rule
SRS-514.9,DP,"Report receipt. When a Snipe report is recorded, the system shall display a submission confirmation to its reporter.",group_memberships; snipe_reports; snipe_requests; snipe_tags,Uses shared stored data; UI/service behavior remains
SRS-514.10,DP,"Review access. When a current group administrator opens the group's Snipe reports, the system shall display unresolved reports for that group.",group_memberships; snipe_reports; snipe_requests; snipe_tags,Direct storage or integrity rule
SRS-514.11,DP,"Pending report visibility. When a report is submitted, the system shall retain the photograph's current publication status until an authorized removal action occurs.",group_memberships; snipe_reports; snipe_requests; snipe_tags,Uses shared stored data; UI/service behavior remains
SRS-514.12,DP,"Admin report decision. When a group administrator reviews a report, the system shall allow the administrator to resolve it as Dismissed or Removed.",group_memberships; snipe_reports; snipe_requests; snipe_tags,Direct storage or integrity rule
SRS-514.13,DP,"Report removal result. When a group administrator resolves a report as Removed, the system shall invoke the published Snipe removal behavior.",group_memberships; snipe_reports; snipe_requests; snipe_tags,Direct storage or integrity rule
SRS-514.14,DP,"No DM reporting. When a student views a Snipe in a direct message, the system shall omit group-reporting controls.",group_memberships; snipe_reports; snipe_requests; snipe_tags,Uses shared stored data; UI/service behavior remains
SRS-514.15,DP,"Repeat removal. When removal is requested for an already Removed Snipe, the system shall return its existing Removed state without creating another removal event.",group_memberships; snipe_reports; snipe_requests; snipe_tags,Uses shared stored data; UI/service behavior remains
SRS-520.1,DP,"Shared balance. When an account becomes eligible for rewards, the system shall maintain one shared SocialU points balance for that student across all supported earning and spending features.",level_completions; participation_days; participation_events; point_transactions; reward_rules; snipe_requests,Direct storage or integrity rule
SRS-520.2,DP,"Initial balance. When a student's shared points account is initialized, the system shall set the balance to zero before applying any qualifying rewards.",level_completions; participation_days; participation_events; point_transactions; reward_rules; snipe_requests,Uses shared stored data; UI/service behavior remains
SRS-520.3,DP,"Qualifying activity award. When a supported feature confirms an activity eligible under an agreed reward rule, the system shall credit the amount defined for that reward category.",level_completions; participation_days; participation_events; point_transactions; reward_rules; snipe_requests,Direct storage or integrity rule
SRS-520.4,DP,"Game result validation. When a game-related reward is requested, the system shall validate the record required by its category: a confirmed level completion for a completion reward, or an accepted UR-613 participation record for daily and milestone rewards.",level_completions; participation_days; participation_events; point_transactions; reward_rules; snipe_requests,Direct storage or integrity rule
SRS-520.5,DP,"Unverified reward rejection. When a reward claim cannot be matched to an authenticated qualifying activity record for its reward category, the system shall reject the claim without changing the balance.",level_completions; participation_days; participation_events; point_transactions; reward_rules; snipe_requests,Uses shared stored data; UI/service behavior remains
SRS-520.6,DP,"Independent reward categories. When more than one agreed reward category applies, the system shall process normal game rewards, the daily participation reward, and shared-streak milestone bonuses as distinct categories.",level_completions; participation_days; participation_events; point_transactions; reward_rules; snipe_requests,Uses shared stored data; UI/service behavior remains
SRS-520.7,DP,"No unrelated social rewards. When a student likes a Feed post, comments, responds to an event invitation, or attends an event, the system shall award no shared points for that action in the initial release.",level_completions; participation_days; participation_events; point_transactions; reward_rules; snipe_requests,Uses shared stored data; UI/service behavior remains
SRS-520.8,DP,"No real-money conversion. When a student views points earning or spending options, the system shall exclude real-money purchase or cash-conversion options.",level_completions; participation_days; participation_events; point_transactions; reward_rules; snipe_requests,Uses shared stored data; UI/service behavior remains
SRS-521.1,DP,"Relevant balance display. When a student opens the Game Room, a points shop, points history, or the Snipe reward result, the system shall display that student's current confirmed shared balance.",point_transactions,Uses shared stored data; UI/service behavior remains
SRS-521.2,DP,"Balance after earning. When a reward has been confirmed, the system shall refresh the visible balance to include that reward.",point_transactions,Uses shared stored data; UI/service behavior remains
SRS-521.3,DP,"Balance after purchase. When a purchase has been confirmed, the system shall refresh the visible balance to reflect its deduction.",point_transactions,Uses shared stored data; UI/service behavior remains
SRS-521.4,DP,"Unconfirmed balance distinction. When a balance cannot be refreshed, the system shall identify the displayed value as last confirmed rather than current.",point_transactions,Uses shared stored data; UI/service behavior remains
SRS-521.5,DP,"Account separation. When a student requests their spendable balance, the system shall return the authenticated account's balance rather than a balance selected by a supplied account identifier.",point_transactions,Uses shared stored data; UI/service behavior remains
SRS-522.1,DP,"Toggle decoration shop. When a student uses the DormSpace shop control, the system shall toggle the decoration shop open or closed without ending their DormSpace session.",catalog_items; owned_items; point_transactions,Uses shared stored data; UI/service behavior remains
SRS-522.2,DP,"Available reward purchase. When a student selects an eligible catalog reward, the system shall offer purchase using their own shared points balance.",catalog_items; owned_items; point_transactions,Direct storage or integrity rule
SRS-522.3,DP,"Final purchase confirmation. When a student confirms a purchase, the system shall present the item, its point cost, and the statement that purchases are final before accepting confirmation.",catalog_items; owned_items; point_transactions,Uses shared stored data; UI/service behavior remains
SRS-522.4,DP,"Affordable purchase. When the confirmed item is available, not already owned, and affordable at its current confirmed price, the system shall complete the purchase as the indivisible transaction defined in SRS-523.1.",catalog_items; owned_items; point_transactions,Uses shared stored data; UI/service behavior remains
SRS-522.5,DP,"Insufficient funds. When available points are less than the confirmed price, the system shall reject the purchase without granting the item.",catalog_items; owned_items; point_transactions,Uses shared stored data; UI/service behavior remains
SRS-522.6,DP,"Single catalog ownership. When a student already owns a catalog item, the system shall reject another purchase of that item.",catalog_items; owned_items; point_transactions,Direct storage or integrity rule
SRS-522.7,DP,"Changed offer. When an item's cost or eligibility has changed since the student confirmed the offer, the system shall require confirmation of the updated offer before any charge.",catalog_items; owned_items; point_transactions,Direct storage or integrity rule
SRS-522.8,DP,"Ownership availability. When a decoration purchase succeeds, the system shall make the item available in that student's DormSpace inventory.",catalog_items; owned_items; point_transactions,Uses shared stored data; UI/service behavior remains
SRS-522.9,DP,"Final purchases. When a completed purchase is displayed, the system shall provide no refund or sell-back action.",catalog_items; owned_items; point_transactions,Uses shared stored data; UI/service behavior remains
SRS-522.10,DP,"Own balance enforcement. When a purchase attempts to debit an account other than the authenticated buyer's account, the system shall deny the purchase.",catalog_items; owned_items; point_transactions,Uses shared stored data; UI/service behavior remains
SRS-523.1,DP,"Atomic purchase outcome. When an eligible purchase completes, the system shall commit exactly one inseparable outcome consisting of its point deduction, item ownership grant, and purchase-history record.",catalog_items; owned_items; point_transactions; reward_rules,Direct storage or integrity rule
SRS-523.2,DP,"Failed purchase rollback. When a purchase cannot complete every required component, the system shall preserve the pre-purchase balance and ownership state.",catalog_items; owned_items; point_transactions; reward_rules,Uses shared stored data; UI/service behavior remains
SRS-523.3,DP,"Reward uniqueness. When the same qualifying activity reward is delivered more than once, the system shall credit that reward category exactly once for that activity.",catalog_items; owned_items; point_transactions; reward_rules,Direct storage or integrity rule
SRS-523.4,DP,"Purchase retry uniqueness. When a completed purchase action is retried, the system shall return the original result without an additional charge or ownership grant.",catalog_items; owned_items; point_transactions; reward_rules,Direct storage or integrity rule
SRS-523.5,DP,"Concurrent spending. When multiple purchases compete for the same available points, the system shall accept only purchases whose combined committed cost does not exceed those points.",catalog_items; owned_items; point_transactions; reward_rules,Direct storage or integrity rule
SRS-523.6,DP,"Concurrent ownership. When concurrent requests attempt to buy the same catalog item for one account, the system shall complete at most one purchase.",catalog_items; owned_items; point_transactions; reward_rules,Uses shared stored data; UI/service behavior remains
SRS-523.7,DP,"Atomic reward record. When a points reward is credited, the system shall commit its balance change and corresponding history record as one indivisible outcome.",catalog_items; owned_items; point_transactions; reward_rules,Direct storage or integrity rule
SRS-523.8,DP,"Authoritative reward amount. When a reward claim supplies a points amount, the system shall determine the credited value from the agreed reward rule rather than trust the supplied amount.",catalog_items; owned_items; point_transactions; reward_rules,Direct storage or integrity rule
SRS-523.9,DP,"Authoritative item price. When a purchase request supplies an item price, the system shall determine its charge from the confirmed catalog offer rather than trust the supplied value.",catalog_items; owned_items; point_transactions; reward_rules,Uses shared stored data; UI/service behavior remains
SRS-523.10,DP,"Unknown transaction status. When a connection is lost before a transaction result is known, the system shall identify the result as unconfirmed until its stored outcome can be retrieved.",catalog_items; owned_items; point_transactions; reward_rules,Uses shared stored data; UI/service behavior remains
SRS-523.11,DP,"Transaction recovery. When an unconfirmed transaction is queried again, the system shall return its committed outcome or a definitive failure without creating a replacement transaction.",catalog_items; owned_items; point_transactions; reward_rules,Uses shared stored data; UI/service behavior remains
SRS-524.1,DP,"Persistent balance. When a student signs out and later signs in, the system shall restore the same confirmed balance adjusted only by completed transactions in the interval.",owned_items; point_transactions,Uses shared stored data; UI/service behavior remains
SRS-524.2,DP,"Persistent purchases. When a student returns in a new session, the system shall restore all catalog items they previously acquired.",owned_items; point_transactions,Direct storage or integrity rule
SRS-524.3,DP,"Missed-day protection. When a student misses a daily qualifying activity or loses a streak, the system shall leave previously earned points and owned items unchanged.",owned_items; point_transactions,Uses shared stored data; UI/service behavior remains
SRS-524.4,DP,"Published removal protection. When a previously rewarded Snipe is removed, the system shall retain all points already awarded for that Snipe.",owned_items; point_transactions,Uses shared stored data; UI/service behavior remains
SRS-524.5,DP,"Cross-device continuity. When the same account opens SocialU on another supported device, the system shall load its shared saved balance and owned rewards rather than start separate device progress.",owned_items; point_transactions,Uses shared stored data; UI/service behavior remains
SRS-525.1,DP,"Photographer reward recipient. When an Approved Snipe qualifies for a reward, the system shall award its points only to the submitting photographer.",point_transactions; reward_rules; snipe_requests; snipe_tags,Direct storage or integrity rule
SRS-525.2,DP,"Per-friend reward calculation. When the Snipe reward is calculated, the system shall multiply the agreed per-friend reward by the number of originally tagged friends whose identity answer is Yes at publication.",point_transactions; reward_rules; snipe_requests; snipe_tags,Direct storage or integrity rule
SRS-525.3,DP,"Publication-dependent eligibility. When a Snipe has not successfully reached Approved publication, the system shall award zero Snipe points for that request.",point_transactions; reward_rules; snipe_requests; snipe_tags,Uses shared stored data; UI/service behavior remains
SRS-525.4,DP,"No verified identity credit. When a tagged friend answers No to identity verification, the system shall exclude that friend from the request's rewarded-friend count.",point_transactions; reward_rules; snipe_requests; snipe_tags,Uses shared stored data; UI/service behavior remains
SRS-525.5,DP,"Pair-only farming limit. When evaluating Snipe point eligibility, the system shall apply the per-friend rolling submission limits without imposing an additional photographer-wide daily reward cap.",point_transactions; reward_rules; snipe_requests; snipe_tags,Uses shared stored data; UI/service behavior remains
SRS-525.6,DP,"Reward explanation. When the photographer opens a published Snipe's reward result, the system shall display the verified-friend count, applied points per friend, and resulting total reward.",point_transactions; reward_rules; snipe_requests; snipe_tags,Uses shared stored data; UI/service behavior remains
SRS-526.1,DP,"Qualifying daily participation. When the shared participation feature confirms a Game 1 attempt start, an accepted Wordle guess, or successful DormSpace opening, the system shall treat that participation record as eligible for the daily reward check.",participation_days; participation_events; participation_settings; point_transactions; reward_rules; streak_instances,Direct storage or integrity rule
SRS-526.2,DP,"Exclude login-only activity. When a student signs in without qualifying participation, the system shall grant no daily participation reward for that sign-in.",participation_days; participation_events; participation_settings; point_transactions; reward_rules; streak_instances,Uses shared stored data; UI/service behavior remains
SRS-526.3,DP,"Use the shared participation date. When assigning a participation record to a daily reward, the system shall use the participation date supplied under SRS-613.4 and SRS-613.10 through SRS-613.11.",participation_days; participation_events; participation_settings; point_transactions; reward_rules; streak_instances,Direct storage or integrity rule
SRS-526.4,DP,"Use the shared day boundary. When checking the daily reward interval, the system shall use midnight inclusive to the following midnight exclusive in the account's saved participation time zone.",participation_days; participation_events; participation_settings; point_transactions; reward_rules; streak_instances,Uses shared stored data; UI/service behavior remains
SRS-526.5,DP,"Award the first qualifying participation. When an account has its first qualifying participation record for a date that has not received a daily participation reward, the system shall credit the agreed daily amount to that account.",participation_days; participation_events; participation_settings; point_transactions; reward_rules; streak_instances,Direct storage or integrity rule
SRS-526.6,DP,"Limit the daily reward. When another qualifying activity occurs on an already rewarded participation date, the system shall grant no additional daily participation reward for that date.",participation_days; participation_events; participation_settings; point_transactions; reward_rules; streak_instances,Direct storage or integrity rule
SRS-526.7,DP,Retired - independent streak calculation. The shared participation rules in SRS-613.3 replace this duplicate DP calculation. This identifier remains retired and is not reused. Original parent: UR-526.,,Retired/deferred; no new schema object
SRS-526.8,DP,Retired - independent streak calculation. The shared participation rules in SRS-613.3 and SRS-613.9 replace this duplicate DP calculation. This identifier remains retired and is not reused. Original parent: UR-526.,,Retired/deferred; no new schema object
SRS-526.9,DP,"Retired - independent streak calculation. The shared participation rules in SRS-613.1, SRS-613.2, and SRS-613.12 replace this duplicate DP calculation. This identifier remains retired and is not reused. Original parent: UR-526.",,Retired/deferred; no new schema object
SRS-526.10,DP,Retired - independent streak calculation. The shared participation rules in SRS-613.5 through SRS-613.9 replace this duplicate DP calculation. This identifier remains retired and is not reused. Original parent: UR-526.,,Retired/deferred; no new schema object
SRS-526.11,DP,Retired - independent streak calculation. The shared participation rules in SRS-613.5 replace this duplicate DP calculation. This identifier remains retired and is not reused. Original parent: UR-526.,,Retired/deferred; no new schema object
SRS-526.12,DP,Retired - independent streak calculation. The shared participation rules in SRS-613.6 replace this duplicate DP calculation. This identifier remains retired and is not reused. Original parent: UR-526.,,Retired/deferred; no new schema object
SRS-526.13,DP,Retired - independent streak calculation. The shared participation rules in SRS-613.5 and SRS-613.6 replace this duplicate DP calculation. This identifier remains retired and is not reused. Original parent: UR-526.,,Retired/deferred; no new schema object
SRS-526.14,DP,Retired - independent streak calculation. The shared participation rules in SRS-613.8 replace this duplicate DP calculation. This identifier remains retired and is not reused. Original parent: UR-526.,,Retired/deferred; no new schema object
SRS-526.15,DP,Retired - independent streak calculation. The shared participation rules in SRS-613.12 replace this duplicate DP calculation. This identifier remains retired and is not reused. Original parent: UR-526.,,Retired/deferred; no new schema object
SRS-526.16,DP,Retired - independent streak calculation. The shared participation rules in SRS-613.9 replace this duplicate DP calculation. This identifier remains retired and is not reused. Original parent: UR-526.,,Retired/deferred; no new schema object
SRS-526.17,DP,"Award a shared-streak milestone. When qualifying participation first raises a shared streak instance to 7, 14, or 30 qualifying days, the system shall credit the agreed bonus for that milestone.",participation_days; participation_events; participation_settings; point_transactions; reward_rules; streak_instances,Direct storage or integrity rule
SRS-526.18,DP,"Prevent duplicate milestone awards. When milestone processing is retried or triggered by multiple devices, the system shall credit each milestone at most once per account and shared streak instance.",participation_days; participation_events; participation_settings; point_transactions; reward_rules; streak_instances,Direct storage or integrity rule
SRS-526.19,DP,"Stop after the final defined milestone. When the shared streak continues beyond 30 qualifying days, the system shall grant no further milestone bonus under the current 7, 14, and 30-day schedule.",participation_days; participation_events; participation_settings; point_transactions; reward_rules; streak_instances,Uses shared stored data; UI/service behavior remains
SRS-526.20,DP,"Allow milestones on a new streak. When a new shared streak instance reaches a defined milestone after an earlier streak ended, the system shall treat that milestone as independently eligible.",participation_days; participation_events; participation_settings; point_transactions; reward_rules; streak_instances,Direct storage or integrity rule
SRS-526.21,DP,"Handle concurrent participation. When multiple devices provide qualifying participation records for the same account and participation date, the system shall credit exactly one daily participation reward for that date.",participation_days; participation_events; participation_settings; point_transactions; reward_rules; streak_instances,Uses shared stored data; UI/service behavior remains
SRS-526.22,DP,"Display the shared reward status. When a student opens participation reward information, the system shall display the shared streak count, today's daily reward status, and this week's remaining forgiven-miss allowance.",participation_days; participation_events; participation_settings; point_transactions; reward_rules; streak_instances,Uses shared stored data; UI/service behavior remains
SRS-526.23,DP,"Display the next milestone. When the shared streak count is below 30 qualifying days, the system shall display the next milestone threshold and its agreed bonus amount.",participation_days; participation_events; participation_settings; point_transactions; reward_rules; streak_instances,Uses shared stored data; UI/service behavior remains
SRS-527.1,DP,"History access. When a student opens their points history, the system shall display only that account's recorded balance changes.",catalog_items; level_completions; participation_days; point_transactions; snipe_requests,Uses shared stored data; UI/service behavior remains
SRS-527.2,DP,"Transaction details. When a history entry is displayed, the system shall show its date and time, earning or spending category, signed points change, resulting balance, and source activity or purchased item.",catalog_items; level_completions; participation_days; point_transactions; snipe_requests,Direct storage or integrity rule
SRS-527.3,DP,"History order. When points history is displayed, the system shall order transactions from newest to oldest using their committed sequence to resolve equal timestamps.",catalog_items; level_completions; participation_days; point_transactions; snipe_requests,Direct storage or integrity rule
SRS-527.4,DP,"Separate reward history. When one accepted activity earns multiple reward categories, the system shall record a distinct history entry for each credited category.",catalog_items; level_completions; participation_days; point_transactions; snipe_requests,Uses shared stored data; UI/service behavior remains
SRS-527.5,DP,"Historical amount stability. When a reward rule or catalog price later changes, the system shall preserve previously recorded transaction amounts.",catalog_items; level_completions; participation_days; point_transactions; snipe_requests,Direct storage or integrity rule
SRS-527.6,DP,"History persistence. When a student returns in another session, the system shall retain their earlier committed points-history records.",catalog_items; level_completions; participation_days; point_transactions; snipe_requests,Uses shared stored data; UI/service behavior remains
SRS-527.7,DP,"Removed Snipe history. When a rewarded Snipe is removed, the system shall retain its reward history entry without displaying the removed photograph.",catalog_items; level_completions; participation_days; point_transactions; snipe_requests,Uses shared stored data; UI/service behavior remains
SRS-527.8,DP,"Older history access. When more history entries exist than fit in the current history view, the system shall provide access to the older entries.",catalog_items; level_completions; participation_days; point_transactions; snipe_requests,Uses shared stored data; UI/service behavior remains
SRS-528.1,DP,"Earning rules access. When a student opens the Game Room rewards explanation, the system shall list supported earning activities with their agreed reward amounts and eligibility conditions.",activities; participation_settings; reward_rules,Direct storage or integrity rule
SRS-528.2,DP,"Snipe rules before submission. When a student opens the Snipe submission flow, the system shall provide the per-verified-friend reward rule, all-person sharing-permission rule, 24-hour request expiration, and pair cooldown rule before submission.",activities; participation_settings; reward_rules,Uses shared stored data; UI/service behavior remains
SRS-528.3,DP,"Daily participation rules. When a student opens daily-reward information, the system shall explain the qualifying UR-613 activities, the saved participation-time-zone day boundary, and the once-per-day credit rule.",activities; participation_settings; reward_rules,Uses shared stored data; UI/service behavior remains
SRS-528.4,DP,"Shared streak rules before participation. When a student opens the streak explanation, the system shall describe the UR-613 participation activities, three forgiven misses per Sunday-Saturday week, fourth unforgiven-miss reset, saved participation time zone, and unchanged count on forgiven days.",activities; participation_settings; reward_rules,Uses shared stored data; UI/service behavior remains
SRS-528.5,DP,"Milestone rules display. When a student opens milestone information, the system shall display the 7, 14, and 30 qualifying-day thresholds with their agreed bonus amounts.",activities; participation_settings; reward_rules,Direct storage or integrity rule
SRS-528.6,DP,"Normal game rules dependency. When a supported game's reward explanation is displayed, the system shall use that game's agreed completion and replay-reward rules rather than imply that every replay earns normal game points.",activities; level_completions; participation_settings; reward_rules,Direct storage or integrity rule
SRS-529.1,DP,"Catalog offer details. When a catalog item is displayed, the system shall show its name, visual preview, current point cost, and ownership or purchase-eligibility state.",catalog_items; item_footprints; owned_items; point_transactions,Direct storage or integrity rule
SRS-529.2,DP,"Owned item state. When the student already owns a catalog item, the system shall label it Owned rather than offer purchase.",catalog_items; item_footprints; owned_items; point_transactions,Uses shared stored data; UI/service behavior remains
SRS-529.3,DP,"Insufficient balance state. When the student does not own an item but lacks its point cost, the system shall label it Insufficient points.",catalog_items; item_footprints; owned_items; point_transactions,Uses shared stored data; UI/service behavior remains
SRS-529.4,DP,"Purchase availability state. When an unowned item is affordable and meets the catalog's eligibility conditions, the system shall label it Available to purchase.",catalog_items; item_footprints; owned_items; point_transactions,Uses shared stored data; UI/service behavior remains
SRS-529.5,DP,"Other ineligibility reason. When an item is unavailable for a reason other than ownership or balance, the system shall display that specific reason.",catalog_items; item_footprints; owned_items; point_transactions,Direct storage or integrity rule
SRS-529.6,DP,"Ownership refresh. When a purchase is confirmed, the system shall update the purchased catalog item's state to Owned.",catalog_items; item_footprints; owned_items; point_transactions,Uses shared stored data; UI/service behavior remains
SRS-529.7,DP,"Placement information. When a student inspects a decoration before purchasing, the system shall display its grid footprint, permitted placement area, and overlap category.",catalog_items; compatible_item_overlaps; item_footprints; owned_items; point_transactions; room_surfaces,Direct storage or integrity rule
SRS-600.1,SS,"Navigation destinations. When a signed-in student opens a page outside Game 1 or Wordle, the system shall display the five destinations in the navigation destination table.",,"UI, transient state, or service-only; no new storage"
SRS-600.2,SS,"Open the selected destination. When a student selects a navigation destination, the system shall open its corresponding page from the navigation destination table.",,"UI, transient state, or service-only; no new storage"
SRS-600.3,SS,"Current-section indicator. When a navigation destination becomes the current section, the system shall mark only that destination as selected.",,"UI, transient state, or service-only; no new storage"
SRS-601.1,SS,"Initial navigation placement. When an account has no saved navigation-placement preference, the system shall display navigation on the left side of the page.",student_preferences,Direct storage or integrity rule
SRS-601.2,SS,"Navigation placement control. When navigation is visible, the system shall provide a Preferences control containing Side and Bottom placement choices.",student_preferences,Uses shared stored data; UI/service behavior remains
SRS-601.3,SS,"Apply navigation placement. When a student chooses Side or Bottom, the system shall display navigation in the selected position.",student_preferences,Uses shared stored data; UI/service behavior remains
SRS-601.4,SS,"Remember navigation placement. When a student signs in, the system shall restore the account's last successfully saved navigation placement.",student_preferences,Direct storage or integrity rule
SRS-601.5,SS,"Preference-save failure. When saving a navigation-placement preference fails, the system shall display a failure message with Retry.",student_preferences,Uses shared stored data; UI/service behavior remains
SRS-601.6,SS,"Retry a navigation-preference save. When the student selects Retry after a placement-save failure, the system shall retry saving the same selected placement.",student_preferences,Uses shared stored data; UI/service behavior remains
SRS-601.7,SS,"Save the selected navigation placement. When a student selects a navigation placement, the system shall initiate saving that selection without requiring a separate Save action.",student_preferences,Direct storage or integrity rule
SRS-602.1,SS,"Game-only layout. When Game 1 or Wordle is open, the system shall hide the shared application header and navigation throughout the game's selection, instructions, gameplay, pause, and result views.",student_preferences,Uses shared stored data; UI/service behavior remains
SRS-602.2,SS,"Restore application navigation. When a student returns from Game 1 or Wordle to the Game Room, the system shall restore navigation in the account's saved position.",student_preferences,Uses shared stored data; UI/service behavior remains
SRS-603.1,SS,"Unread-message count. When the messaging feature supplies an unread-message total greater than zero, the system shall display that total beside Messages.",group_memberships; message_reads; messages,Direct storage or integrity rule
SRS-603.2,SS,"Update the unread badge. When the messaging feature supplies a changed unread-message total, the system shall update the badge to represent the new total, with no badge displayed for zero.",group_memberships; message_reads; messages,Uses shared stored data; UI/service behavior remains
SRS-604.1,SS,"Create choices. When a student activates the navigation plus button, the system shall display Text Post, Photo Post, and Event as creation choices.",,"UI, transient state, or service-only; no new storage"
SRS-604.2,SS,"Open the creation workflow. When a student selects a creation choice, the system shall open the corresponding workflow supplied by the responsible feature owner.",,"UI, transient state, or service-only; no new storage"
SRS-604.3,SS,"Dismiss the Create menu. When a student dismisses the Create menu without selecting an action, the system shall retain the current page.",,"UI, transient state, or service-only; no new storage"
SRS-607.1,SS,"Present the available activities. When a signed-in student opens the Game Room, the system shall display an entry for each included activity containing its name, description, and opening control.",activities; catalog_items; default_faces; student_avatars,Direct storage or integrity rule
SRS-607.2,SS,"Open the selected activity. When a student activates an available activity's opening control, the system shall open that activity.",activities; catalog_items; default_faces; student_avatars,Direct storage or integrity rule
SRS-607.3,SS,"Recover from an activity-opening failure. When an activity fails to open, the system shall display an opening-failure message offering Retry and Return to Game Room.",activities; catalog_items; default_faces; student_avatars,Uses shared stored data; UI/service behavior remains
SRS-607.4,SS,"Play without avatar customization. When a student without a customized avatar opens Game 1, the system shall provide a character with the initial default face and outfit.",activities; catalog_items; default_faces; student_avatars,Direct storage or integrity rule
SRS-608.1,SS,"Show available complete outfits. When a student opens the outfit selector, the system shall list only complete outfits that the account is entitled to use.",catalog_items; default_faces; owned_items; student_avatars,Direct storage or integrity rule
SRS-608.2,SS,"Preview an outfit selection. When a student selects an available outfit, the system shall display that complete outfit on the Game Room avatar.",catalog_items; default_faces; owned_items; student_avatars,Uses shared stored data; UI/service behavior remains
SRS-608.3,SS,"Save an outfit automatically. When a student selects an available outfit, the system shall initiate saving that selection without a separate Save action.",catalog_items; default_faces; owned_items; student_avatars,Direct storage or integrity rule
SRS-608.4,SS,"Preview a default face. When a student selects a provided default face, the system shall display that face on the Game Room avatar.",catalog_items; default_faces; owned_items; student_avatars,Direct storage or integrity rule
SRS-608.5,SS,"Save a default face automatically. When a student selects a default face, the system shall initiate saving that selection without a separate Save action.",catalog_items; default_faces; owned_items; student_avatars,Direct storage or integrity rule
SRS-608.6,SS,"Recover from an appearance-save failure. When an outfit or default-face save fails, the system shall display the previously saved appearance with a save-failure message and Retry.",catalog_items; default_faces; owned_items; student_avatars,Uses shared stored data; UI/service behavior remains
SRS-609.1,SS,"Choose an existing photograph. When a student selects Choose Photograph in the face editor, the system shall provide a device-file selection control.",avatar_photo_faces; media_assets; student_avatars; upload_policies,Uses shared stored data; UI/service behavior remains
SRS-609.2,SS,"Take a photograph. When a student selects Take Photograph on a device with an available camera, the system shall provide a camera-capture flow.",,"UI, transient state, or service-only; no new storage"
SRS-609.3,SS,"Accept supported photograph formats. When a valid photograph within the size limit is supplied in JPG/JPEG, PNG, WebP, or HEIC format, the system shall accept it for face editing.",avatar_photo_faces; media_assets; student_avatars; upload_policies,Direct storage or integrity rule
SRS-609.4,SS,"Enforce the photograph size limit. When a photograph exceeds 10,000,000 bytes, the system shall reject it with a message stating the 10 MB maximum.",avatar_photo_faces; media_assets; student_avatars; upload_policies,Direct storage or integrity rule
SRS-609.5,SS,"Explain invalid photograph input. When a supplied file uses an unsupported format or cannot be decoded as an image, the system shall display a rejection explanation with Choose Another Photograph.",avatar_photo_faces; media_assets; student_avatars; upload_policies,Uses shared stored data; UI/service behavior remains
SRS-609.6,SS,"Adjust the face crop. When an accepted photograph opens in the editor, the system shall provide a crop area that the student can resize and reposition within the photograph.",avatar_photo_faces; media_assets; student_avatars; upload_policies,Direct storage or integrity rule
SRS-609.7,SS,"Preview the photographic face. When the crop selection changes, the system shall preview the selected photographic face on the illustrated avatar body.",avatar_photo_faces; media_assets; student_avatars; upload_policies,Direct storage or integrity rule
SRS-609.8,SS,"Save the photograph explicitly. When a student selects Save for a photograph, the system shall replace the saved avatar face only after the save succeeds.",avatar_photo_faces; media_assets; student_avatars; upload_policies,Direct storage or integrity rule
SRS-609.9,SS,"Recover from a photograph-save failure. When saving an edited photograph fails, the system shall display a failure message with Retry for the retained photograph and crop.",avatar_photo_faces; media_assets; student_avatars; upload_policies,Uses shared stored data; UI/service behavior remains
SRS-609.10,SS,"Confirm leaving an unsaved photograph. When a student attempts to leave the face editor through an in-app action with unsaved changes, the system shall offer Keep Editing and Discard Changes.",,"UI, transient state, or service-only; no new storage"
SRS-609.11,SS,"Discard an unsaved photograph. When the student selects Discard Changes, the system shall leave the editor without replacing the previously saved face.",,"UI, transient state, or service-only; no new storage"
SRS-609.12,SS,"Continue editing after cancellation. When the student selects Keep Editing, the system shall restore the editor with the current photograph and crop selection intact.",,"UI, transient state, or service-only; no new storage"
SRS-609.13,SS,"Recover from unavailable camera capture. When camera capture is unavailable, denied, or unsuccessful, the system shall display an explanation with an option to choose an existing photograph.",,"UI, transient state, or service-only; no new storage"
SRS-609.14,SS,"Remove the photograph background. Conditional feature: Applies if automatic background removal is included after feasibility validation. When the photograph or crop changes, the system shall process the current selection for a background-free photographic face preview.",avatar_photo_faces; media_assets; student_avatars; upload_policies,Conditional feature; Direct storage or integrity rule
SRS-609.15,SS,"Handle background-processing failure. Conditional feature: Applies if automatic background removal is included. When background processing fails, the system shall display Retry Processing, Choose Another Photograph, and Use Default Face as recovery options.",avatar_photo_faces; media_assets; student_avatars; upload_policies,Conditional feature; Uses shared stored data; UI/service behavior remains
SRS-609.16,SS,"Save only the processed candidate. Conditional feature: Applies if automatic background removal is included. When automatic background removal is enabled, the system shall permit saving a photograph candidate only after processing of its current selection succeeds.",avatar_photo_faces; media_assets; student_avatars; upload_policies,Conditional feature; Uses shared stored data; UI/service behavior remains
SRS-610.1,SS,"Restore the saved appearance. When a student returns to the Game Room, the system shall display the account's last successfully saved face and outfit.",avatar_photo_faces; catalog_items; default_faces; student_avatars,Direct storage or integrity rule
SRS-610.2,SS,"Use the saved appearance in Game 1. When a student starts a Game 1 attempt, the system shall apply the account's saved face and outfit to the playable illustrated character.",avatar_photo_faces; catalog_items; default_faces; student_avatars,Direct storage or integrity rule
SRS-611.1,SS,"Reopen avatar customization. When a student opens the Game Room, the system shall provide face and outfit editing controls regardless of whether the avatar has previously been customized.",student_avatars,Uses shared stored data; UI/service behavior remains
SRS-612.1,SS,"Display the participation count. When the student opens the Game Room or the included Wordle feature, the system shall display the account's current participation-streak count.",participation_days; participation_settings; streak_instances,Uses shared stored data; UI/service behavior remains
SRS-612.2,SS,"Display today's qualification. When the student opens the Game Room or the included Wordle feature, the system shall identify whether the current participation day has qualified.",participation_days; participation_settings; streak_instances,Uses shared stored data; UI/service behavior remains
SRS-612.3,SS,"Display the remaining weekly allowance. When the student opens the Game Room or the included Wordle feature, the system shall display the number of forgiven missed days remaining in the current participation week.",participation_days; participation_settings; streak_instances,Uses shared stored data; UI/service behavior remains
SRS-612.4,SS,"Identify days in the displayed week. When the Game Room opens, the system shall display a Sunday-through-Saturday participation row assigning one of the defined day states to each date.",participation_days; participation_settings; streak_instances,Direct storage or integrity rule
SRS-613.1,SS,"Recognize qualifying participation. When a student starts a Game 1 attempt, has a Wordle guess accepted, or successfully opens DormSpace, the system shall record qualifying participation for the current participation day.",game_levels; participation_days; participation_events; participation_settings; streak_instances; wordle_guesses,Direct storage or integrity rule
SRS-613.2,SS,"Exclude nonqualifying actions. When a student performs an action outside the defined qualifying activities, the system shall leave the day's participation qualification unchanged.",game_levels; participation_days; participation_events; participation_settings; streak_instances; wordle_guesses,Direct storage or integrity rule
SRS-613.3,SS,"Count a qualifying day once. When the first qualifying activity of a participation day occurs, the system shall increase the streak count by exactly one for that day.",game_levels; participation_days; participation_events; participation_settings; streak_instances; wordle_guesses,Direct storage or integrity rule
SRS-613.4,SS,"Use the participation-day boundary. When assigning an activity to a participation day, the system shall use midnight boundaries in the account's saved participation time zone.",game_levels; participation_days; participation_events; participation_settings; streak_instances; wordle_guesses,Direct storage or integrity rule
SRS-613.5,SS,"Forgive an eligible missed day. When an active-streak day ends without qualification and fewer than three misses have been forgiven that week, the system shall record that day as a forgiven miss.",game_levels; participation_days; participation_events; participation_settings; streak_instances; wordle_guesses,Direct storage or integrity rule
SRS-613.6,SS,"Reset after the allowance is exhausted. When an active-streak day ends without qualification after all three weekly forgiven misses have been used, the system shall reset the streak count to zero.",game_levels; participation_days; participation_events; participation_settings; streak_instances; wordle_guesses,Direct storage or integrity rule
SRS-613.7,SS,"Exclude days without an active streak. When a day ends without qualification while the streak count is zero, the system shall leave the weekly forgiven-miss usage unchanged.",game_levels; participation_days; participation_events; participation_settings; streak_instances; wordle_guesses,Direct storage or integrity rule
SRS-613.8,SS,"Renew the weekly allowance. When Sunday begins in the participation time zone, the system shall set the new week's forgiven-miss allowance to three without carrying over unused allowance.",game_levels; participation_days; participation_events; participation_settings; streak_instances; wordle_guesses,Direct storage or integrity rule
SRS-613.9,SS,"Preserve allowance usage after a restart. When qualifying participation restarts a streak after a reset, the system shall retain the current week's existing forgiven-miss usage.",game_levels; participation_days; participation_events; participation_settings; streak_instances; wordle_guesses,Direct storage or integrity rule
SRS-613.10,SS,"Establish the participation time zone. When the account first records qualifying participation, the system shall save the browser-reported time zone as the account's participation time zone.",game_levels; participation_days; participation_events; participation_settings; streak_instances; wordle_guesses,Direct storage or integrity rule
SRS-613.11,SS,"Keep the participation time zone stable. When subsequent participation days are calculated, the system shall use the initially saved participation time zone with its applicable daylight-saving rules.",game_levels; participation_days; participation_events; participation_settings; streak_instances; wordle_guesses,Direct storage or integrity rule
SRS-613.12,SS,"Evaluate elapsed participation days. When participation status is requested or a new qualifying activity is processed after an absence, the system shall evaluate every completed participation day in chronological order before applying the current activity.",game_levels; participation_days; participation_events; participation_settings; streak_instances; wordle_guesses,Direct storage or integrity rule
SRS-613.13,SS,"Provide shared participation state. After a qualifying activity updates the participation state, the system shall make its participation record available to shared reward processing with account identity, a stable activity identifier, participation date, saved time zone, current streak count, and streak-instance identifier. A streak-instance identifier remains the same until the streak resets; participation after a reset starts a new instance. Repeated processing of the same activity retains its activity identifier.",game_levels; participation_days; participation_events; participation_settings; streak_instances; wordle_guesses,Direct storage or integrity rule
SRS-614.1,SS,"Show an at-risk reminder. When a student opens a page outside games with an active streak, no remaining weekly allowance, no qualification today, and no dismissal today, the system shall display a participation reminder.",participation_days; participation_settings; reminder_dismissals; streak_instances,Direct storage or integrity rule
SRS-614.2,SS,"Suppress reminders inside games. While Game 1 or Wordle is open, the system shall keep the participation reminder hidden.",participation_days; participation_settings; reminder_dismissals; streak_instances,Uses shared stored data; UI/service behavior remains
SRS-614.3,SS,"Allow reminder dismissal. When a student dismisses the reminder, the system shall close it without requiring participation.",participation_days; participation_settings; reminder_dismissals; streak_instances,Direct storage or integrity rule
SRS-614.4,SS,"Stop reminders after qualification. When the current participation day qualifies, the system shall suppress further at-risk reminders for that day.",participation_days; participation_settings; reminder_dismissals; streak_instances,Uses shared stored data; UI/service behavior remains
SRS-614.5,SS,"Remember today's dismissal. Proposed default for review: Dismissal lasts for the remainder of the participation day. When a student dismisses the reminder, the system shall suppress it until the next participation day.",participation_days; participation_settings; reminder_dismissals; streak_instances,Direct storage or integrity rule
SRS-615.1,SS,"Read instructions before starting. When Game 1 opens before an attempt begins, the system shall provide instructions covering controls, platforms, falls, hazards, optional coins, the finish flag, retries, and pause/resume.",activities,Direct storage or integrity rule
SRS-615.2,SS,"Reopen instructions during an attempt. When a Game 1 attempt is open, the system shall provide an Instructions control that opens the instructions without ending the attempt.",activities,Uses shared stored data; UI/service behavior remains
SRS-616.1,SS,"Present the platform challenge. When a level starts, the system shall present a single-player, two-dimensional course containing a starting position, platforms, gaps, hazards, optional coins, and a finish flag.",game_levels,Direct storage or integrity rule
SRS-616.2,SS,"Move while a direction is held. While an attempt is running with one direction held, the system shall move the character horizontally in the direction specified by the Game 1 Controls table.",,"UI, transient state, or service-only; no new storage"
SRS-616.3,SS,"Jump input. While an attempt is running and the character is standing on a platform, the system shall initiate a jump when Space (or the on-screen Jump control) is activated.",,"UI, transient state, or service-only; no new storage"
SRS-616.4,SS,"Provide on-screen controls. When Game 1 opens in a phone browser, the system shall display Left, Right, and Jump controls matching the Game 1 Controls table.",,"UI, transient state, or service-only; no new storage"
SRS-616.5,SS,"Choose on-screen control visibility. When Game 1 opens in a non-phone browser, the system shall provide an option to show or hide its on-screen controls.",,"UI, transient state, or service-only; no new storage"
SRS-616.6,SS,"Land on platforms. During a running attempt, the system shall support the character on a platform when the character lands on its upper surface.",,"UI, transient state, or service-only; no new storage"
SRS-616.7,SS,"End a released horizontal movement request. When a held directional input is released during running gameplay, the system shall stop horizontal movement attributable to that input.",,"UI, transient state, or service-only; no new storage"
SRS-616.8,SS,"Preserve vertical motion after direction release. When a directional input is released while the character is airborne, the system shall preserve the ongoing vertical motion of the jump or fall.",,"UI, transient state, or service-only; no new storage"
SRS-617.1,SS,"Identify the current level. While an attempt is open, the system shall display the number of the level being attempted.",game_levels; level_completions,Direct storage or integrity rule
SRS-617.2,SS,"Initialize the coin count. When a new attempt begins, the system shall initialize its collected-coin count to zero.",,"UI, transient state, or service-only; no new storage"
SRS-617.3,SS,"Collect each coin once. When the character touches an uncollected coin during running gameplay, the system shall record that coin as collected once for the current attempt.",,"UI, transient state, or service-only; no new storage"
SRS-617.4,SS,"Display the current attempt's coins. While an attempt is open, the system shall display the number of coins collected in that attempt independently of previous attempts.",,"UI, transient state, or service-only; no new storage"
SRS-617.5,SS,"Restore coins for a new attempt. When a new attempt begins, the system shall restore every coin placed in that level to its uncollected state.",,"UI, transient state, or service-only; no new storage"
SRS-618.1,SS,"Provide the three-level baseline. When the student opens level selection in the baseline release, the system shall list Levels 1, 2, and 3.",game_levels; level_completions; participation_events,Direct storage or integrity rule
SRS-618.2,SS,"Initialize level availability. When an account without saved Game 1 progress opens level selection, the system shall make only Level 1 available to start.",game_levels; level_completions; participation_events,Uses shared stored data; UI/service behavior remains
SRS-618.3,SS,"Distinguish level states. When level selection appears, the system shall identify each level as Locked, Available, or Completed according to the account's saved progress.",game_levels; level_completions; participation_events,Uses shared stored data; UI/service behavior remains
SRS-618.4,SS,"Prevent locked-level starts. When a student attempts to start a locked level, the system shall reject the start with an explanation identifying the required preceding level.",game_levels; level_completions; participation_events,Direct storage or integrity rule
SRS-618.5,SS,"Start an unlocked level. When a student selects an Available or Completed level, the system shall start a new attempt at that level's starting position.",game_levels; level_completions; participation_events,Uses shared stored data; UI/service behavior remains
SRS-618.6,SS,"Restore saved progression. When a student returns to Game 1, the system shall restore the account's confirmed-saved completed and unlocked levels regardless of any unfinished attempt discarded since that save.",game_levels; level_completions; participation_events,Direct storage or integrity rule
SRS-619.1,SS,"Complete a level at its flag. When the character touches the finish flag during a running attempt, the system shall end that attempt successfully regardless of the collected-coin count.",game_levels; level_completions; participation_events,Uses shared stored data; UI/service behavior remains
SRS-619.2,SS,"Stop the completed attempt. When an attempt ends successfully, the system shall stop gameplay interactions for that attempt.",game_levels; level_completions; participation_events,Uses shared stored data; UI/service behavior remains
SRS-619.3,SS,"Save level completion. When an attempt ends successfully, the system shall initiate saving that level's completion to the signed-in account.",game_levels; level_completions; participation_events,Direct storage or integrity rule
SRS-619.4,SS,"Unlock the next level. When completion is confirmed saved and the next sequential level is Locked, the system shall change that next level to Available.",game_levels; level_completions; participation_events,Direct storage or integrity rule
SRS-619.5,SS,"Offer completion actions. When completion is confirmed saved, the system shall display Replay, Back to Game Room, and Next Level when another level exists.",game_levels; level_completions; participation_events,Uses shared stored data; UI/service behavior remains
SRS-619.6,SS,"Identify sequence completion. When completion of the final included level is confirmed saved, the system shall display a sequence-completion result containing Replay and Back to Game Room as its available next actions.",game_levels; level_completions; participation_events,Uses shared stored data; UI/service behavior remains
SRS-619.7,SS,"Explain an unconfirmed completion save. When successful completion saving cannot be confirmed, the system shall display the retained completion result with a message stating that saving has not been confirmed.",game_levels; level_completions; participation_events,Uses shared stored data; UI/service behavior remains
SRS-619.8,SS,"Protect an unresolved completion. While completion saving is unresolved, the system shall prevent Next Level and Replay from starting another attempt.",game_levels; level_completions; participation_events,Uses shared stored data; UI/service behavior remains
SRS-619.9,SS,"Retry saving completion. When Retry Saving is selected, the system shall retry saving the retained completion result without requiring the level to be played again.",game_levels; level_completions; participation_events,Direct storage or integrity rule
SRS-619.10,SS,"Replay a completed level. When Replay is selected from a confirmed-saved result, the system shall start a new attempt of that completed level.",game_levels; level_completions; participation_events,Uses shared stored data; UI/service behavior remains
SRS-619.11,SS,"Continue to the next level. When Next Level is selected from a confirmed-saved result, the system shall start a new attempt of the next sequential level.",game_levels; level_completions; participation_events,Uses shared stored data; UI/service behavior remains
SRS-620.1,SS,"End an attempt after a fall or hazard. When the character falls below the level's playable area or touches a hazard during running gameplay, the system shall end the attempt unsuccessfully.",,"UI, transient state, or service-only; no new storage"
SRS-620.2,SS,"Explain the failure cause. When an attempt ends unsuccessfully, the system shall identify whether a fall or hazard contact caused the failure.",,"UI, transient state, or service-only; no new storage"
SRS-620.3,SS,"Retry the current level. When Retry is selected after an unsuccessful attempt, the system shall start the same level from its initial state.",,"UI, transient state, or service-only; no new storage"
SRS-620.4,SS,"Allow unlimited retries. When an attempt ends unsuccessfully, the system shall offer Retry regardless of the number of previous attempts.",,"UI, transient state, or service-only; no new storage"
SRS-621.1,SS,"Pause on request. When Pause is selected during running gameplay, the system shall place the current attempt in the paused state.",,"UI, transient state, or service-only; no new storage"
SRS-621.2,SS,"Pause for an interruption. When instructions or an exit confirmation open, or the game tab becomes hidden, the system shall pause a running attempt.",,"UI, transient state, or service-only; no new storage"
SRS-621.3,SS,"Preserve the paused state. While an attempt is paused, the system shall preserve its gameplay state without advancing movement, collisions, or coin collection.",,"UI, transient state, or service-only; no new storage"
SRS-621.4,SS,"Require explicit resumption. When an interruption ends, the system shall keep the attempt paused until Resume is selected.",,"UI, transient state, or service-only; no new storage"
SRS-621.5,SS,"Resume the same attempt. When Resume is selected, the system shall continue the attempt from its preserved gameplay state.",,"UI, transient state, or service-only; no new storage"
SRS-622.1,SS,"Provide a return control. When a Game 1 view appears, the system shall provide Back to Game Room.",level_completions; participation_events,Uses shared stored data; UI/service behavior remains
SRS-622.2,SS,"Confirm leaving an unfinished attempt. When Back to Game Room is selected during an unfinished attempt, the system shall display a Leave Game / Stay confirmation explaining that current attempt progress will be discarded while confirmed-saved level progression is retained.",level_completions; participation_events,Uses shared stored data; UI/service behavior remains
SRS-622.3,SS,"Cancel an exit. When Stay is selected in the exit confirmation, the system shall return to the paused attempt.",level_completions; participation_events,Uses shared stored data; UI/service behavior remains
SRS-622.4,SS,"Leave an unfinished attempt. When Leave Game is confirmed, the system shall open the Game Room.",level_completions; participation_events,Uses shared stored data; UI/service behavior remains
SRS-622.5,SS,"End an attempt on refresh or closure. When the game page is refreshed or closed during an unfinished attempt, the system shall discard that attempt while retaining confirmed-saved progression.",level_completions; participation_events,Uses shared stored data; UI/service behavior remains
SRS-622.6,SS,"Warn before leaving an unconfirmed completion. When Back to Game Room is selected after a completion-save error or expiration of the return-wait limit in SRS-NFR-65, the system shall offer Stay and Retry or Leave Without Saving with a warning that completion may be lost.",level_completions; participation_events,Uses shared stored data; UI/service behavior remains
SRS-622.7,SS,"Stay and retry completion saving. When Stay and Retry is selected, the system shall retry saving the retained completion without leaving Game 1.",level_completions; participation_events,Uses shared stored data; UI/service behavior remains
SRS-622.8,SS,"Leave without confirmed completion saving. When Leave Without Saving is selected, the system shall return to the Game Room without claiming that the unconfirmed completion was recorded.",level_completions; participation_events,Uses shared stored data; UI/service behavior remains
SRS-622.9,SS,"Return when no attempt needs protection. When Back to Game Room is selected with no unfinished attempt or unresolved completion save, the system shall open the Game Room without an attempt-loss confirmation.",level_completions; participation_events,Uses shared stored data; UI/service behavior remains
SRS-622.10,SS,"Recover from an unconfirmed completion on return. When a pending completion save reaches the wait limit in SRS-NFR-65 following a Back to Game Room request, the system shall display the unconfirmed-save exit dialog specified in SRS-622.6.",level_completions; participation_events,Uses shared stored data; UI/service behavior remains
SRS-622.11,SS,"Discard only the confirmed-exit attempt. When Leave Game is confirmed for an unfinished attempt, the system shall discard that attempt's position and collected-coin state.",level_completions,Uses existing confirmed completion data; unfinished attempt disposal is transient
SRS-623.1,SS,"Explain Wordle rules. When How to Play is selected, the system shall explain the five-letter English-word objective, six accepted guesses, feedback meanings, and daily-puzzle restriction.",activities,Conditional feature; Direct storage or integrity rule
SRS-623.2,SS,"Return from instructions. When Wordle instructions are closed, the system shall restore the unchanged puzzle state.",activities,Conditional feature; Uses shared stored data; UI/service behavior remains
SRS-624.1,SS,"Assign the shared daily puzzle. When Wordle opens, the system shall use the five-letter English answer assigned to the current date in America/New_York.",wordle_guesses; wordle_puzzles; wordle_words,Conditional feature; Direct storage or integrity rule
SRS-624.2,SS,"Display the guess board. When a puzzle appears, the system shall display six guess rows containing five letter positions each.",wordle_guesses; wordle_puzzles; wordle_words,Conditional feature; Uses shared stored data; UI/service behavior remains
SRS-624.3,SS,"Enter guess letters. When an A-Z letter is entered through the physical or on-screen keyboard into an unfinished, unsubmitted guess containing fewer than five letters, the system shall place that letter in the next empty position.",,"Conditional feature; UI, transient state, or service-only; no new storage"
SRS-624.4,SS,"Edit an unsubmitted guess. When Backspace is activated for a nonempty unsubmitted guess, the system shall remove its final letter.",,"Conditional feature; UI, transient state, or service-only; no new storage"
SRS-624.5,SS,"Reject an incomplete guess. When a submitted guess contains fewer than five letters, the system shall reject it without consuming an attempt, using a five-letter requirement message.",,"Conditional feature; UI, transient state, or service-only; no new storage"
SRS-624.6,SS,"Reject an unknown word. When a submitted five-letter guess is absent from the approved English word list, the system shall reject it without consuming an attempt, using a word-not-in-list message.",wordle_guesses; wordle_puzzles; wordle_words,Conditional feature; Direct storage or integrity rule
SRS-624.7,SS,"Evaluate accepted guesses. When a guess is accepted, the system shall mark its letters according to the Wordle feedback rule defined in this document.",wordle_guesses; wordle_puzzles; wordle_words,Conditional feature; Uses shared stored data; UI/service behavior remains
SRS-624.8,SS,"Count accepted guesses. When a valid guess is accepted, the system shall consume exactly one of the account's six guesses for that puzzle day.",wordle_guesses; wordle_puzzles; wordle_words,Conditional feature; Direct storage or integrity rule
SRS-624.9,SS,"Prevent overlapping submissions. While a submitted guess awaits its outcome, the system shall prevent another guess submission for that puzzle.",wordle_guesses; wordle_puzzles; wordle_words,Conditional feature; Direct storage or integrity rule
SRS-624.10,SS,"Recover from an unconfirmed submission. When a submitted guess has an unconfirmed outcome, the system shall display a recovery message offering Retry Submission and Back to Game Room.",wordle_guesses; wordle_puzzles; wordle_words,Conditional feature; Uses shared stored data; UI/service behavior remains
SRS-624.11,SS,"Resume today's unfinished puzzle. When an account reopens an unfinished puzzle during the same puzzle day, the system shall restore its accepted guesses and feedback.",wordle_guesses; wordle_puzzles; wordle_words,Conditional feature; Direct storage or integrity rule
SRS-624.12,SS,"Start the new puzzle day. When the America/New_York date changes while Wordle is open, the system shall switch the current puzzle to the new date's puzzle.",wordle_guesses; wordle_puzzles; wordle_words,Conditional feature; Direct storage or integrity rule
SRS-624.13,SS,"Explain a daily transition. When the daily boundary replaces an unfinished puzzle, the system shall display a message explaining that the previous puzzle day ended.",wordle_guesses; wordle_puzzles; wordle_words,Conditional feature; Uses shared stored data; UI/service behavior remains
SRS-624.14,SS,"Return from Wordle. When Back to Game Room is selected from Wordle outside an active submission-wait state, the system shall open the Game Room without deleting accepted guesses for the current puzzle day.",wordle_guesses; wordle_puzzles; wordle_words,Conditional feature; Uses shared stored data; UI/service behavior remains
SRS-624.15,SS,"Protect a pending guess on return. When a pending Wordle submission reaches the wait limit in SRS-NFR-65 following a Back to Game Room request, the system shall display the unconfirmed-submission recovery view specified in SRS-624.10.",wordle_guesses; wordle_puzzles; wordle_words,Conditional feature; Uses shared stored data; UI/service behavior remains
SRS-624.16,SS,"Count a retried submission at most once. When an original Wordle submission is retried, the system shall treat that submission and all of its retries as at most one accepted guess for the same account and puzzle day.",wordle_guesses; wordle_puzzles,Conditional feature; existing account/puzzle submission identity supports at-most-once retry; service must recover the original outcome
SRS-624.17,SS,"Retry a guess not previously accepted. When Retry Submission confirms that the original submission was not accepted and its puzzle day remains open, the system shall submit the retained guess through the normal validation flow.",wordle_guesses; wordle_puzzles; wordle_words,"Conditional feature; uses existing saved guesses, puzzle and approved word list; retry validation remains in the service"
SRS-624.18,SS,"Keep late results with their original puzzle. When a submission result arrives after the puzzle day changes, the system shall associate that result only with the puzzle day of the original submission.",wordle_guesses; wordle_puzzles,Conditional feature; stored puzzle identity scopes late results; UI must not apply them to a different puzzle
SRS-624.19,SS,"Ignore letters beyond the guess limit. When the current unsubmitted guess already contains five letters, the system shall ignore additional letter-entry input.",,Conditional feature; five-letter input control is transient and needs no new storage
SRS-625.1,SS,"Display a winning outcome. When an accepted guess matches the answer, the system shall display a solved result containing the number of accepted guesses used.",wordle_guesses; wordle_puzzles,Conditional feature; Uses shared stored data; UI/service behavior remains
SRS-625.2,SS,"Display an unsuccessful outcome. When the sixth accepted guess is incorrect, the system shall display an unsuccessful result revealing the correct answer.",wordle_guesses; wordle_puzzles,Conditional feature; Direct storage or integrity rule
SRS-625.3,SS,"Lock a completed puzzle. When a puzzle reaches a solved or unsuccessful result, the system shall prevent further guess acceptance for that account and puzzle day.",wordle_guesses; wordle_puzzles,Conditional feature; Direct storage or integrity rule
SRS-626.1,SS,"Restore today's completed puzzle. When an account reopens a completed puzzle before the next puzzle day, the system shall display its saved result, accepted guesses, and feedback as read-only content.",wordle_guesses; wordle_puzzles,Conditional feature; Direct storage or integrity rule
SRS-626.2,SS,"Restrict results to today. When the Wordle result view opens, the system shall restrict its displayed puzzle results to the current puzzle day.",wordle_guesses; wordle_puzzles,Conditional feature; Uses shared stored data; UI/service behavior remains
SRS-627.1,SS,"Provide theme choices. When navigation Preferences opens, the system shall display Light and Dark appearance choices.",student_preferences,Uses shared stored data; UI/service behavior remains
SRS-627.2,SS,"Use the initial theme. Proposed default for review: New accounts start in Light mode. When an account has no saved appearance preference, the system shall use Light mode.",student_preferences,Direct storage or integrity rule
SRS-627.3,SS,"Apply the selected theme. When Light or Dark is selected, the system shall apply that appearance to the current page's shared interface.",student_preferences,Uses shared stored data; UI/service behavior remains
SRS-627.4,SS,"Restore the saved theme. When the student signs in, the system shall restore the account's last successfully saved appearance preference.",student_preferences,Direct storage or integrity rule
SRS-627.5,SS,"Maintain the theme across pages. When another authenticated page opens, the system shall apply the account's selected theme to that page's shared interface.",student_preferences,Uses shared stored data; UI/service behavior remains
SRS-627.6,SS,"Limit theme changes inside games. When a game opens with Dark selected, the system shall apply Dark to menus and controls while preserving gameplay artwork and feedback meanings.",student_preferences,Uses shared stored data; UI/service behavior remains
SRS-627.7,SS,"Explain a theme-save failure. When saving an appearance preference fails, the system shall display a failure message with Retry.",student_preferences,Uses shared stored data; UI/service behavior remains
SRS-627.8,SS,"Retry saving the theme. When Retry is selected after a theme-save failure, the system shall retry saving the same selected theme.",student_preferences,Uses shared stored data; UI/service behavior remains
SRS-627.9,SS,"Save the selected theme. When Light or Dark is selected, the system shall initiate saving that selection without requiring a separate Save action.",student_preferences,Direct storage or integrity rule
SRS-NFR-1,LN,Login Response Time. The system shall complete a normal login request within 3 seconds after valid login credentials are submitted under normal operating conditions.,login_sessions; students,Uses shared stored data; UI/service behavior remains
SRS-NFR-2,LN,Profile Update Response Time. The system shall display successfully saved profile changes within 3 seconds after the student selects Save Changes under normal operating conditions.,student_profiles,Uses shared stored data; UI/service behavior remains
SRS-NFR-3,LN,"Friends Search Response Time. The system shall display matching friends-list search results within 3 seconds after search text changes when the friends list contains up to 5,000 accepted friends under normal operating conditions.",friend_requests; student_profiles; students,Uses shared stored data; UI/service behavior remains
SRS-NFR-4,LN,Verification Email Delivery Time. The system shall send a requested six-digit verification code to the student's university email within 30 seconds under normal operating conditions.,authentication_challenges,Uses shared stored data; UI/service behavior remains
SRS-NFR-5,LN,Password Reset Email Delivery Time. The system shall send a requested six-digit password-reset code to the student's registered university email within 30 seconds under normal operating conditions.,authentication_challenges,Uses shared stored data; UI/service behavior remains
SRS-NFR-6,LN,Profile Page Load Time. The system shall display a selected student profile within 3 seconds under normal operating conditions.,friend_requests; posts; student_profiles,Uses shared stored data; UI/service behavior remains
SRS-NFR-7,LN,Remote Logout Response Time. The system shall terminate a selected remote active session within 3 seconds after the student confirms the remote logout action under normal operating conditions.,login_sessions,Uses shared stored data; UI/service behavior remains
SRS-NFR-8,LN,"Keyboard Accessibility. The system shall allow 100% of interactive controls in the Accounts & Authentication, Profile, and Friendships areas to be reached and activated using a keyboard without requiring a mouse.",,"UI, transient state, or service-only; no new storage"
SRS-NFR-9,LN,Profile Photo Upload Time. The system shall process and display an accepted profile photo within 3 seconds after upload begins for image files of 10 MB or less under normal operating conditions.,media_assets; student_profiles; upload_policies,Uses shared stored data; UI/service behavior remains
SRS-NFR-10,LN,Friend Request Processing Time. The system shall record a submitted friend request as pending within 3 seconds after the student selects Add Friend under normal operating conditions.,friend_requests,Uses shared stored data; UI/service behavior remains
SRS-NFR-11,LN,Friend Request Notification Time. The system shall display a new friend-request notification to the receiving student within 3 seconds after the friend request is successfully recorded under normal operating conditions.,notifications,Uses shared stored data; UI/service behavior remains
SRS-NFR-12,LN,Friendship Update Time. The system shall update friendship status and displayed friend count within 3 seconds after a friend request is accepted or an existing friendship is removed under normal operating conditions.,friend_requests,Uses shared stored data; UI/service behavior remains
SRS-NFR-13,LN,Block and Unblock Update Time. The system shall apply a confirmed block or unblock action within 3 seconds under normal operating conditions.,friend_requests; student_blocks,Uses shared stored data; UI/service behavior remains
SRS-NFR-14,LN,"Saved Data Persistence. The system shall preserve 100% of successfully saved profile information, friendships, blocked-student entries, account settings, and retained account data across logout and subsequent login sessions.",friend_requests; student_blocks; student_preferences; student_profiles; students,Direct storage or integrity rule
SRS-NFR-15,LN,"Saved Data Protection During Errors. The system shall preserve 100% of previously saved data when an Accounts & Authentication, Profile, or Friendships operation is interrupted by a temporary system error before the new operation is successfully saved.",friend_requests; student_blocks; student_profiles; students,Uses shared stored data; UI/service behavior remains
SRS-NFR-16,LN,"Browser Compatibility. The system shall support the Accounts & Authentication, Profile, and Friendships features on the current supported versions of Google Chrome, Safari, Microsoft Edge, and Mozilla Firefox.",,"UI, transient state, or service-only; no new storage"
SRS-NFR-17,LN,"Responsive Device Support. The system shall provide the Accounts & Authentication, Profile, and Friendships features on smartphones, tablets, laptops, and desktop computers without requiring a separate installed application.",,"UI, transient state, or service-only; no new storage"
SRS-NFR-18,LN,"Error Message Coverage. The system shall display an error message for 100% of failed user-initiated operations in the Accounts & Authentication, Profile, and Friendships areas, identifying the failed action or invalid condition.",,"UI, transient state, or service-only; no new storage"
SRS-NFR-19,LN,"Error Recovery Guidance. The system shall provide at least one corrective action in the error message for each user-correctable failure in the Accounts & Authentication, Profile, and Friendships areas.",,"UI, transient state, or service-only; no new storage"
SRS-NFR-20,LN,Password Masking. The system shall mask entered characters by default in 100% of password and password-confirmation fields.,,"UI, transient state, or service-only; no new storage"
SRS-NFR-21,LN,Password Visibility Control. The system shall provide a Show/Hide Password control for 100% of password and password-confirmation fields.,,"UI, transient state, or service-only; no new storage"
SRS-NFR-22,LN,Session Persistence. The system shall not automatically end an authenticated student session solely because of inactivity before the student manually logs out.,login_sessions,Direct storage or integrity rule
SRS-NFR-23,LN,"Private Account Data Protection. The system shall restrict 100% of access attempts to a student's university email, login activity, blocked-students list, and private Account Settings to that authenticated student.",login_sessions; student_blocks; students,Uses shared stored data; UI/service behavior remains
SRS-NFR-24,LN,"Unauthorized Account Access Protection. The system shall deny 100% of attempts by one student account to access another student's private Account Settings, login activity, or blocked-students list.",login_sessions; student_blocks; students,Uses shared stored data; UI/service behavior remains
SRS-NFR-25,LN,"Account Security Action Response Time. The system shall complete a successful password change, account deactivation, or account reactivation within 3 seconds after all required confirmations and credentials have been accepted under normal operating conditions.",login_sessions; students,Uses shared stored data; UI/service behavior remains
SRS-NFR-26,LP,Text message length limit. The system shall limit an individual text message to a maximum of 500 characters.,message_requests; messages,Direct storage or integrity rule
SRS-NFR-27,LP,"Text message display time. When the student's device has an active internet connection and the Chat service is available, the system shall display a successfully sent text message in the conversation within 5 seconds after the sender submits the message.",messages,Uses shared stored data; UI/service behavior remains
SRS-NFR-28,LP,"Media upload completion time. When the student's device has an active internet connection and the Chat service is available, the system shall complete the sending of a supported photo or uploaded GIF of 10 MB or less within 5 seconds after the student initiates the upload.",media_assets,Uses shared stored data; UI/service behavior remains
SRS-NFR-29,LP,"Media upload failure timeout. When an uploaded photo or GIF has not successfully completed sending within 5 seconds after the upload begins, the system shall mark the media upload as failed.",messages,Uses shared stored data; UI/service behavior remains
SRS-NFR-30,LP,"Failed media re-upload requirement. After a photo or uploaded GIF is marked as failed because it exceeded the 5-second upload limit, the system shall require the student to initiate a new upload attempt for that media file.",media_assets; messages,Uses shared stored data; UI/service behavior remains
SRS-NFR-31,LP,"Unread-status update latency. When a conversation's unread status changes, the system shall update the affected student's unread-conversation status within 5 seconds of the change.",message_reads; messages,Uses shared stored data; UI/service behavior remains
SRS-NFR-32,LP,"Group membership update latency. After a student successfully accepts a group invitation, leaves a group, or is removed from a group, the system shall reflect the student's updated membership status within 5 seconds.",group_memberships,Uses shared stored data; UI/service behavior remains
SRS-NFR-33,LP,"Group role update latency. After a successful administrator assignment, administrator revocation, or ownership transfer, the system shall apply the updated group role and associated permissions within 5 seconds.",group_memberships,Uses shared stored data; UI/service behavior remains
SRS-NFR-34,LP,Continuous group ownership. Every active group chat shall have exactly one current owner.,conversations; group_memberships,Direct storage or integrity rule
SRS-NFR-35,LP,Group administrator limit. Each active group chat shall have no more than one administrator in addition to the current group owner.,group_memberships,Direct storage or integrity rule
SRS-NFR-36,LP,Private conversation uniqueness. The system shall maintain no more than one private conversation between the same pair of students.,conversations,Direct storage or integrity rule
SRS-NFR-37,LP,"Conversation loading time. When the student's device has an active internet connection and the Chat service is available, the system shall display an opened private or group conversation and its available recent messages within 5 seconds after the student selects the conversation.",conversations; messages,Uses shared stored data; UI/service behavior remains
SRS-NFR-38,MS,Campus Feed response time. The system shall display the first page of Campus Feed results within 3 seconds of a student's feed request under normal operating conditions for a feed containing up to 50 posts.,posts,Uses shared stored data; UI/service behavior remains
SRS-NFR-39,MS,Friends Feed response time. The system shall display the first page of Friends Feed results within 3 seconds of a student's feed request under normal operating conditions for a feed containing up to 50 posts.,friend_requests; posts,Uses shared stored data; UI/service behavior remains
SRS-NFR-40,MS,Post publication response time. The system shall make a successfully submitted text post available in its designated feed within 5 seconds after the post submission is accepted by the system.,posts,Uses shared stored data; UI/service behavior remains
SRS-NFR-41,MS,Photograph upload size. The system shall accept an individual photograph attachment of up to 10 MB when a student creates or edits a post.,media_assets; post_photos; upload_policies,Direct storage or integrity rule
SRS-NFR-42,MS,Notification delivery. The system shall create a like or comment notification within 5 seconds after the corresponding interaction is successfully recorded.,notifications,Direct storage or integrity rule
SRS-NFR-43,MS,Report privacy. The system shall prevent the identity of a reporting student from being exposed through student-accessible feed content for 100% of successfully submitted content reports.,post_reports,Direct storage or integrity rule
SRS-NFR-44,KB,Event Information Response Time. The system shall display requested campus event information within 5 seconds under normal operating conditions.,events,Uses shared stored data; UI/service behavior remains
SRS-NFR-45,KB,Event Information Consistency. The system shall display the most recently saved event information when a student views an event.,events,Direct storage or integrity rule
SRS-NFR-46,KB,"Event Information Readability. Proposed measurable replacement, pending KB agreement. When an event-detail page is displayed at 320 CSS pixels wide or wider, the system shall present the title, description, location, date, and time as separately labeled text with at least 4.5:1 text contrast and without clipping or horizontal scrolling of those fields.",,"UI, transient state, or service-only; no new storage"
SRS-NFR-47,DP,"Authorized read isolation. When 100 access requests are made by accounts outside a Snipe request's permitted audience, the system shall disclose zero protected photograph payloads or private request records.",conversations; group_memberships; snipe_requests; snipe_tags,Uses shared stored data; UI/service behavior remains
SRS-NFR-48,DP,"Removed photograph access. After a Snipe removal is acknowledged, the system shall return zero successful photograph payloads for 100 subsequent SocialU requests for that removed photograph.",media_assets; snipe_requests,Uses shared stored data; UI/service behavior remains
SRS-NFR-49,DP,"Reward retry integrity. When the same qualifying reward is delivered 100 times, including concurrent deliveries, the system shall produce exactly one credit for that reward category.",point_transactions,Direct storage or integrity rule
SRS-NFR-50,DP,"Purchase integrity. Across 100 repeated or concurrent submissions of the same purchase action, the system shall produce at most one committed charge.",owned_items; point_transactions,Direct storage or integrity rule
SRS-NFR-51,DP,"Confirmed save durability. Across 100 save-acknowledgment and session-reload cycles, the system shall restore the acknowledged dorm state in 100 of 100 cycles.",dorm_placements; dorms,Uses shared stored data; UI/service behavior remains
SRS-NFR-52,DP,"Dorm entry response. Under the proposed test profile stated in this section, the system shall display an entered dorm within 3 seconds for at least 95 percent of 100 authorized entries.",dorm_placements; dorms,Uses shared stored data; UI/service behavior remains
SRS-NFR-53,DP,"Save acknowledgment latency. Under the proposed test profile stated in this section, the system shall acknowledge a valid dorm save within 2 seconds for at least 95 percent of 100 saves.",dorms,Uses shared stored data; UI/service behavior remains
SRS-NFR-54,DP,"Points refresh latency. Under the proposed test profile stated in this section, the system shall refresh a visible balance within 2 seconds of transaction commitment for at least 95 percent of 100 transactions.",point_transactions,Uses shared stored data; UI/service behavior remains
SRS-NFR-55,DP,"Friendship revocation latency. Under the proposed test profile stated in this section, the system shall return an actively connected former-friend visitor to their DormHall within 2 seconds of friendship revocation for at least 95 percent of 100 revocations.",friend_requests,Uses shared stored data; UI/service behavior remains
SRS-NFR-56,DP,"Keyboard operability. During keyboard-only evaluation of DormSpace, guestbook, shop, and Snipe review controls, the system shall make 100 percent of available actions operable without a pointing device.",,"UI, transient state, or service-only; no new storage"
SRS-NFR-57,DP,"Touch target size. When the application is displayed at a 390 by 844 CSS-pixel touch viewport, the system shall provide a minimum 44 by 44 CSS-pixel activation area for movement, interaction, consent, and page-turn controls.",,"UI, transient state, or service-only; no new storage"
SRS-NFR-58,SS,"Keyboard access to interface controls. When a student uses only a keyboard, the system shall make 100% of SS-owned interactive controls reachable and operable without a pointer. Applies to: Navigation, preferences, Game Room, avatar editing, dialogs, game controls, instructions, and results.",,"UI, transient state, or service-only; no new storage"
SRS-NFR-59,SS,"Readable text in both themes. When Light or Dark is active, SS-owned interface text shall have a contrast ratio of at least 4.5:1 against its rendered background. Applies to: Navigation, menus, dialogs, game controls, and results. Decorative artwork is excluded.",,"UI, transient state, or service-only; no new storage"
SRS-NFR-60,SS,"Wordle feedback without color dependence. When Wordle feedback appears, the system shall expose the letter and feedback meaning for 100% of evaluated cells without requiring color perception. Applies to: Wordle guess feedback.",wordle_guesses; wordle_puzzles,Uses shared stored data; UI/service behavior remains
SRS-NFR-61,SS,"Desktop and phone compatibility. Proposed target, pending team agreement. For the release browser test matrix, the system shall pass 100% of applicable SS functional acceptance scenarios on every listed browser. Proposed test matrix: Windows Chrome, iPhone Safari, and Android Chrome. Exact browser versions and test devices are recorded in the release test report.",,"UI, transient state, or service-only; no new storage"
SRS-NFR-62,SS,"Retain confirmed-saved account state. After a save is confirmed successful, the system shall retain that account's saved SS state through refresh, normal browser closure, confirmed in-app exit, and sign-out followed by sign-in. Applies to: Avatar appearance, preferences, completed and unlocked levels, participation status, and accepted Wordle guesses and results.",level_completions; participation_days; student_avatars; student_preferences; wordle_guesses,Direct storage or integrity rule
SRS-NFR-63,SS,"Game Room readiness. Proposed target, pending team agreement: a 3-second loading threshold. Under the performance test profile below, the system shall make Game Room activity-opening controls usable within 3 seconds of navigation selection in at least 19 of 20 trials.",activities,Uses shared stored data; UI/service behavior remains
SRS-NFR-64,SS,"Platform-game rendering. Proposed target, pending team agreement: a 30 fps rendering threshold. Under the performance test profile below, Game 1 shall render at least 30 frames per second in at least 57 of 60 measured one-second intervals.",,"UI, transient state, or service-only; no new storage"
SRS-NFR-65,SS,"Bound waiting after a game return request. Proposed target, pending team agreement: 10 seconds. When Back to Game Room is selected during a pending Game 1 completion save or Wordle guess submission, the system shall limit that return-request waiting state to 10 seconds measured from the first such selection. Applies to: SRS-622.10 and SRS-624.15. Repeated activation of the return control does not restart the wait.",,Proposed return-wait target; timer and recovery view require no new storage
